date,cases_in,units_in,dollars_in,cases_out,units_out,dollars_invoiced,dollars_net
2026-10-08,93,113.5,13179.74,92,104,15786.52,15373.29
2026-10-07,117,162.0,25133.69,97,138,19944.89,19430.16
2026-10-06,101,141.0,14591.8,90,113,15005.45,13664.33
2026-10-05,117,124.0,16604.42,113,156,20864.84,20324.07
2026-10-04,1,1.0,846.69,1,1,846.69,10.0
2026-10-02,76,104.0,21633.67,62,89,15832.21,15139.89
2026-10-01,96,124.0,12996.39,82,117,18860.58,18334.67
2026-09-30,113,188.0,25854.42,116,166,31779.92,30869.93
2026-09-29,109,146.0,17310.6,107,146,18469.86,17965.98
2026-09-28,105,146.0,18323.71,97,133,25153.81,24545.35
2026-09-25,85,118.0,16592.76,87,121,21044.18,20530.72
2026-09-24,105,147.25,16898.76,111,146,24808.66,24102.85
2026-09-23,118,160.0,22957.14,81,107,23487.66,22864.15
2026-09-22,126,184.0,20980.48,74,108,17989.52,17532.89
2026-09-21,99,148.0,13047.91,79,117,20193.4,19697.0
2026-09-18,90,169.0,22412.69,102,148,24614.71,24023.08
2026-09-17,95,139.0,19025.31,108,146,24168.8,22630.45
2026-09-16,105,156.0,17145.48,90,130,22992.25,22377.45
2026-09-15,96,140.0,24639.35,97,127,16342.99,15835.7
2026-09-14,103,166.5,24731.08,91,138,20279.56,19816.7
2026-09-13,4,5.0,5338.47,4,5,5338.47,3582.44
2026-09-11,101,143.0,23957.86,90,144,25276.83,24579.19
2026-09-10,103,148.0,24694.1,93,125,16302.61,15846.31
2026-09-09,129,175.0,32182.26,85,108,19538.95,18956.12
2026-09-08,105,151.0,24626.47,103,140,28368.29,27663.55
2026-09-04,25,51.0,4271.3,46,59,5769.38,5633.79
2026-09-03,108,138.0,19986.29,75,103,17675.52,17178.05
2026-09-02,92,119.0,16150.32,91,155,25281.83,24641.63
2026-09-01,140,215.0,23277.61,60,75,10034.67,9763.63
2026-08-31,114,151.0,22598.64,105,155,25209.14,23877.14
2026-08-28,74,99.0,16468.72,93,130,19830.12,19194.78
2026-08-27,96,126.5,22630.7,81,122,20631.92,20086.05
2026-08-26,96,152.0,24989.95,70,103,19599.59,18961.27
2026-08-25,102,147.0,20497.73,95,115,15438.48,15039.21
2026-08-24,101,148.0,16882.92,75,104,17365.97,16873.83
2026-08-21,70,103.25,14607.91,106,154,23463.27,22906.71
2026-08-20,117,181.5,26511.63,89,130,21180.54,20580.16
2026-08-19,98,188.0,19844.81,88,125,19729.5,19234.39
2026-08-18,128,202.25,23334.17,73,105,14872.29,14291.77
2026-08-17,84,113.0,12117.02,84,125,21259.36,20733.87
2026-08-14,68,105.0,13906.13,65,98,14448.41,13963.15
2026-08-13,106,162.0,18808.63,81,101,15136.25,14749.5
2026-08-12,98,151.0,21356.38,96,125,20107.48,19551.05
2026-08-11,96,132.0,20730.01,62,87,11951.05,11640.36
2026-08-10,86,130.0,22570.07,97,128,21127.67,20596.49
2026-08-09,3,3.0,6412.2,3,3,6412.2,4426.32
2026-08-07,88,132.0,19212.26,87,151,20478.21,19970.04
2026-08-06,84,129.0,17132.67,106,124,28166.17,27473.89
2026-08-05,119,185.0,23788.65,73,106,19549.27,19096.01
2026-08-04,99,139.0,18468.34,90,148,17072.54,16633.19
2026-08-03,93,125.25,18340.85,88,114,15106.38,14735.72
2026-08-01,1,0.0,52.06,5,13,1356.04,1323.99
2026-07-31,85,112.0,16375.75,95,133,25904.6,25260.34
2026-07-30,93,141.0,19920.05,68,100,13646.15,13212.18
2026-07-29,108,174.0,25313.1,90,124,19849.69,19278.15
2026-07-28,86,121.0,17153.2,139,175,26622.24,25957.64
2026-07-27,123,201.0,26238.6,68,98,23527.88,22945.1
2026-07-24,66,96.0,18654.14,87,157,22976.08,22283.76
2026-07-23,127,173.25,25878.24,97,130,18892.07,18368.65
2026-07-22,90,159.0,19345.61,87,117,16519.95,16074.58
2026-07-21,116,197.5,21937.83,85,117,23470.2,22886.99
2026-07-20,110,159.5,22033.81,96,132,23271.67,22701.57
2026-07-17,77,124.25,15626.93,84,115,21848.06,21299.76
2026-07-16,98,147.0,22517.37,94,119,16792.74,16358.2
2026-07-15,96,121.0,19712.55,98,152,19916.15,19377.99
2026-07-14,119,158.0,18607.27,103,131,21594.81,20385.5
2026-07-13,105,142.75,16172.93,89,125,24069.56,22580.7
2026-07-10,86,127.0,24321.24,84,125,20896.7,20393.88
