account_id,ltd_sales,ytd_sales,ly_sales,ytd_remake,product_lines,yoy_growth_pct,remake_rate_pct,cum_ltd,cum_pct
ATHJOH,132666.18,132666.18,0.0,0.0,1,0.0,0.0,132666.18,0.031472248911393455
KORMIK,59101.6,59101.6,0.0,204.59,1,0.0,0.35,191767.78,0.04549285511458413
TADSIM,52171.78,52171.78,0.0,207.22,1,0.0,0.4,243939.56,0.05786950790062545
FRAMIC,49295.74,49295.74,0.0,0.0,1,0.0,0.0,293235.3,0.06956388094695372
ALSEMA,49038.590000000004,49038.590000000004,37118.0,92.06,1,32.1,0.19,342273.89,0.08119725058753409
GAFCOL,48046.409999999996,48046.409999999996,0.0,0.0,1,0.0,0.0,390320.3,0.09259524648082704
MALRYA,47533.53,47533.53,0.0,204.73,1,0.0,0.43,437853.82999999996,0.10387157242762966
DOUBRI,43912.799999999996,43912.799999999996,0.0,202.04,1,0.0,0.46,481766.62999999995,0.11428895666222688
SAMJACSTC,41946.450000000004,41946.450000000004,55.0,96.9,1,76166.3,0.23,523713.07999999996,0.12423986589432598
ANDMAR,40497.16,40497.16,0.0,0.0,1,0.0,0.0,564210.24,0.13384696168712357
FELNIC,40414.17,40414.17,0.0,0.0,1,0.0,0.0,604624.41,0.1434343698554101
SARDEMRI,38919.3,38919.3,0.0,0.0,1,0.0,0.0,643543.7100000001,0.15266715169217662
KOLMARFF,37676.59,37676.59,0.0,0.0,1,0.0,0.0,681220.3,0.16160512683107423
SULKHAFL,37470.96,37470.96,0.0,38.78,1,0.0,0.1,718691.26,0.17049432059597247
MCCSCO,37285.88,37285.88,0.0,0.0,1,0.0,0.0,755977.14,0.17933960804029586
KHASUM,36662.51,36662.51,0.0,128.45,1,0.0,0.35,792639.65,0.18803701411949744
BOYMIC,35843.35,35843.35,0.0,0.0,1,0.0,0.0,828483.0,0.19654009179172854
NISLIN,33552.35,33552.35,0.0,126.07,1,0.0,0.38,862035.35,0.20449967810650893
CUARACMOK,32786.99,32786.99,0.0,0.0,1,0.0,0.0,894822.34,0.21227769892790718
GRAALE,32149.969999999998,32149.969999999998,0.0,0.0,1,0.0,0.0,926972.3099999999,0.21990460021001113
CHANHWA,31322.14,31322.14,2429.91,150.8,1,1189.0,0.48,958294.45,0.2273351163107801
TAPGAR,31062.48,31062.48,0.0,0.0,1,0.0,0.0,989356.9299999999,0.2347040335613196
HANMIR,30905.059999999998,30905.059999999998,0.0,212.27,1,0.0,0.69,1020261.99,0.24203560624202505
PERLUI,30800.25,30800.25,0.0,80.41999999999999,1,0.0,0.26,1051062.24,0.24934231496412096
HUBMAR,30314.579999999998,30314.579999999998,0.0,0.0,1,0.0,0.0,1081376.82,0.2565338087374726
NIEMAR,30172.48,30172.48,59.98,793.78,1,50204.2,2.63,1111549.3,0.2636915922873875
WALBRIOP,29213.69,29213.69,0.0,0.0,1,0.0,0.0,1140762.99,0.27062192316222144
JURAND,28241.47,28241.47,0.0,0.0,1,0.0,0.0,1169004.46,0.2773216153781551
TOKNIC,27523.07,27523.07,0.0,0.0,1,0.0,0.0,1196527.53,0.28385088236877554
YIANIC,26824.75,26824.75,0.0,0.0,1,0.0,0.0,1223352.28,0.290214487689935
SOOANUHE,26528.63,26528.63,0.0,184.12,1,0.0,0.69,1249880.91,0.2965078447960057
WYLDUS,26176.53,26176.53,0.0,0.0,1,0.0,0.0,1276057.44,0.3027176736144473
RHICAT,26061.0,26061.0,954.0,380.94,1,2631.8,1.46,1302118.44,0.3089000953807168
SYLCOLBL,24691.8,24691.8,0.0,0.0,1,0.0,0.0,1326810.24,0.3147577033684522
GAFMEG,24644.21,24644.21,0.0,246.47,1,0.0,1.0,1351454.45,0.32060402163392615
FIEJAM,24264.95,24264.95,0.0,0.0,1,0.0,0.0,1375719.4,0.3263603684754687
CASLEN,24125.420000000002,24125.420000000002,0.0,0.0,1,0.0,0.0,1399844.8199999998,0.33208361477178855
KUCMAR,24011.84,24011.84,0.0,0.0,1,0.0,0.0,1423856.66,0.33777991661224677
RIYTARCHI,23112.5,23112.5,0.0,0.0,1,0.0,0.0,1446969.16,0.34326286903436803
AHMSAN,23078.420000000002,23078.420000000002,0.0,0.0,1,0.0,0.0,1470047.5799999998,0.34873773669635755
THOJAM,22743.1,22743.1,0.0,255.22000000000003,1,0.0,1.12,1492790.68,0.35413305677127577
MACHAZ,22306.22,22306.22,0.0,0.0,1,0.0,0.0,1515096.9,0.3594247362943637
CORJER,21764.36,21764.36,0.0,55.83,1,0.0,0.26,1536861.26,0.36458787097810286
ABUSIM,21523.32,21523.32,0.0,0.0,1,0.0,0.0,1558384.58,0.36969382401330425
NIEJOS,21492.879999999997,21492.879999999997,0.0,0.0,1,0.0,0.0,1579877.46,0.3747925558014865
IWAAGG,21359.61,21359.61,0.0,160.98000000000002,1,0.0,0.75,1601237.07,0.3798596720972168
JUEDAV,21330.7,21330.7,0.0,0.0,1,0.0,0.0,1622567.77,0.38491993010611
DOUJASVA,21304.2,21304.2,0.0,46.02,1,0.0,0.22,1643871.97,0.3899739015497598
YERPAT,21040.07,21040.07,0.0,92.06,1,0.0,0.44,1664912.04,0.3949652137300995
PICGIN,20740.09,20740.09,0.0,87.25999999999999,1,0.0,0.42,1685652.1300000001,0.3998853619918849
GIUMIC,20680.68,20680.68,0.0,93.01,1,0.0,0.45,1706332.81,0.40479141648608136
PATUMA,20421.64,20421.64,0.0,140.56,1,0.0,0.69,1726754.45,0.40963601921195214
LUKPAU,20194.37,20194.37,0.0,0.0,1,0.0,0.0,1746948.82,0.41442670693092304
CHUMAN,20119.1,20119.1,0.0,91.05,1,0.0,0.45,1767067.9200000002,0.4191995384323141
NICJEF,20115.14,20115.14,0.0,84.98,1,0.0,0.42,1787183.06,0.4239714305073518
SINMAN,19844.37,19844.37,0.0,0.0,1,0.0,0.0,1807027.4300000002,0.4286790881193354
NUCMAG,19694.73,19694.73,0.0,0.0,1,0.0,0.0,1826722.1600000001,0.43335124680214887
SINPAU,19430.97,19430.97,109.0,0.0,1,17726.6,0.0,1846153.1300000001,0.4379608339963367
BALJOS,19208.92,19208.92,0.0,0.0,1,0.0,0.0,1865362.05,0.442517744518363
AUSMIC,18702.04,18702.04,0.0,0.0,1,0.0,0.0,1884064.09,0.4469544084671617
PETCHR,18649.21,18649.21,0.0,0.0,1,0.0,0.0,1902713.3,0.45137853961438285
OBEGAR,18456.920000000002,18456.920000000002,0.0,225.06,1,0.0,1.22,1921170.22,0.4557570540208252
GAMBRI,18189.31,18189.31,0.0,0.0,1,0.0,0.0,1939359.53,0.46007208360746515
GRISET,18024.83,18024.83,0.0,46.02,1,0.0,0.26,1957384.36,0.46434809378839864
TYSMONLB,17751.93,17751.93,0.0,204.59,1,0.0,1.15,1975136.29,0.46855936420876976
BERDANLAP,17466.82,17466.82,0.0,112.52,1,0.0,0.64,1992603.11,0.4727029983039891
PAIADI,17171.31,17171.31,0.0,0.0,1,0.0,0.0,2009774.4200000002,0.47677652889373473
LEBRAFB,16954.829999999998,16954.829999999998,0.0,44.5,1,0.0,0.26,2026729.2500000002,0.4807987041761644
VOHSAF,16684.14,16684.14,0.0,0.0,1,0.0,0.0,2043413.3900000001,0.4847566639738501
KMADAN,16626.47,16626.47,0.0,371.3,1,0.0,2.23,2060039.86,0.48870094278219306
CZAAUS,16527.920000000002,16527.920000000002,0.0,0.0,1,0.0,0.0,2076567.78,0.4926218426846972
BAPBENNR,16453.23,16453.23,0.0,0.0,1,0.0,0.0,2093021.01,0.49652502396237025
TUCELILV,16451.5,16451.5,0.0,0.0,1,0.0,0.0,2109472.51,0.500427794834086
RYASEA,16168.19,16168.19,0.0,314.52,1,0.0,1.95,2125640.6999999997,0.5042633563926285
MORCHR,15913.24,15913.24,299.98,0.0,1,5204.8,0.0,2141553.94,0.508038436448953
PAMPAU,15871.05,15871.05,0.0,0.0,1,0.0,0.0,2157424.9899999998,0.5118035078189522
DARDAVSB,15793.18,15793.18,0.0,39.9,1,0.0,0.25,2173218.17,0.5155501061762913
REMTHO,15736.5,15736.5,0.0,0.0,1,0.0,0.0,2188954.67,0.5192832584008759
HOLMARLA,15679.85,15679.85,0.0,60.61,1,0.0,0.39,2204634.52,0.5230029716095724
LOVJAM,15521.63,15521.63,0.0,0.0,1,0.0,0.0,2220156.15,0.5266851504653332
POLNIC,15469.94,15469.94,0.0,0.0,1,0.0,0.0,2235626.09,0.5303550669604363
SIETOM,15464.27,15464.27,0.0,0.0,1,0.0,0.0,2251090.36,0.5340236383678063
PATPINNA,15024.2,15024.2,0.0,96.47,1,0.0,0.64,2266114.56,0.5375878124632281
GERGRE,14896.32,14896.32,0.0,0.0,1,0.0,0.0,2281010.88,0.5411216497298454
MARROM,14786.95,14786.95,0.0,0.0,1,0.0,0.0,2295797.83,0.5446295412741737
CONJONMO,14761.22,14761.22,0.0,0.0,1,0.0,0.0,2310559.0500000003,0.548131328919494
PATNEE,14647.48,14647.48,0.0,55.31,1,0.0,0.38,2325206.5300000003,0.5516061341523323
OLCVAN,14366.189999999999,14366.189999999999,0.0,0.0,1,0.0,0.0,2339572.72,0.5550142092743292
SUHINE,14176.939999999999,14176.939999999999,0.0,0.0,1,0.0,0.0,2353749.66,0.5583773888313338
LIAPETBO,14071.87,14071.87,0.0,0.0,1,0.0,0.0,2367821.5300000003,0.5617156427502208
FIJPHI,14017.85,14017.85,0.0,0.0,1,0.0,0.0,2381839.3800000004,0.5650410815651665
ZOLMAR,14009.56,14009.56,0.0,0.0,1,0.0,0.0,2395848.9400000004,0.5683645537527211
BERDERCP,13782.49,13782.49,0.0,0.0,1,0.0,0.0,2409631.4300000006,0.5716341583791511
HASFAY,13600.380000000001,13600.380000000001,0.0,319.15000000000003,1,0.0,2.35,2423231.8100000005,0.5748605612547713
CORKAT,13542.19,13542.19,0.0,497.67,1,0.0,3.67,2436774.0000000005,0.5780731597820326
MALKEV,13466.66,13466.66,0.0,0.0,1,0.0,0.0,2450240.6600000006,0.581267840412206
RASMOSFL,13127.47,13127.47,0.0,35.29,1,0.0,0.27,2463368.130000001,0.5843820553795538
LAPANT,13070.97,13070.97,0.0,0.0,1,0.0,0.0,2476439.100000001,0.5874828669153451
LEBRAF,12995.24,12995.24,0.0,0.0,1,0.0,0.0,2489434.3400000012,0.5905657131082731
LUCPAULYO,12869.01,12869.01,0.0,0.0,1,0.0,0.0,2502303.350000001,0.5936186139000439
LEURIN,12761.17,12761.17,0.0,0.0,1,0.0,0.0,2515064.520000001,0.5966459319297076
EBERIC,12635.039999999999,12635.039999999999,0.0,0.0,1,0.0,0.0,2527699.560000001,0.5996433282811018
PRAMAR,12481.83,12481.83,0.0,0.0,1,0.0,0.0,2540181.390000001,0.6026043787962346
LOPSARST,12378.83,12378.83,0.0,192.15,1,0.0,1.55,2552560.220000001,0.6055409947370255
ROEAND,12083.37,12083.37,0.0,0.0,1,0.0,0.0,2564643.5900000012,0.6084075190337864
DARDAVSB2,11786.06,11786.06,0.0,0.0,1,0.0,0.0,2576429.6500000013,0.6112035128130949
BAPBEN,11725.65,11725.65,0.0,0.0,1,0.0,0.0,2588155.300000001,0.6139851755959373
CORABI,11666.5,11666.5,0.0,0.0,1,0.0,0.0,2599821.800000001,0.6167528062906991
PATKRURO,11652.84,11652.84,0.0,0.0,1,0.0,0.0,2611474.640000001,0.6195171964389994
NICLAU,11593.97,11593.97,0.0,0.0,1,0.0,0.0,2623068.6100000013,0.6222676209233045
SLAMICJOL,11550.19,11550.19,0.0,0.0,1,0.0,0.0,2634618.800000001,0.6250076595273699
HANPATSK,11366.48,11366.48,0.0,0.0,1,0.0,0.0,2645985.280000001,0.6277041168144221
GATGUY,11317.45,11317.45,0.0,59.74,1,0.0,0.53,2657302.7300000014,0.6303889427696298
PATAME,11276.74,11276.74,0.0,0.0,1,0.0,0.0,2668579.4700000016,0.6330641111372505
STOMARC,10853.3,10853.3,0.0,260.83000000000004,1,0.0,2.4,2679432.7700000014,0.6356388273091491
SKRLEO,10744.72,10744.72,0.0,0.0,1,0.0,0.0,2690177.4900000016,0.6381877851695716
CHUMANRV,10662.32,10662.32,0.0,0.0,1,0.0,0.0,2700839.8100000015,0.6407171953705205
ZBOANN,10654.18,10654.18,0.0,0.0,1,0.0,0.0,2711493.9900000016,0.6432446745284099
LEZBEA,10527.19,10527.19,179.0,0.0,1,5781.1,0.0,2722021.1800000016,0.6457420279911954
CREJASTP,10381.41,10381.41,0.0,0.0,1,0.0,0.0,2732402.5900000017,0.6482047982282765
GLOANT,10268.67,10268.67,0.0,0.0,1,0.0,0.0,2742671.2600000016,0.6506408232817524
GALPET,10266.36,10266.36,0.0,0.0,1,0.0,0.0,2752937.6200000015,0.6530763003365223
PATMON,10082.18,10082.18,0.0,0.0,1,0.0,0.0,2763019.8000000017,0.6554680845767068
RESVER,9884.210000000001,9884.210000000001,0.0,64.5,1,0.0,0.65,2772904.0100000016,0.6578129046160905
MACMAR,9864.210000000001,9864.210000000001,0.0,0.0,1,0.0,0.0,2782768.2200000016,0.6601529800779321
SAMAND,9827.7,9827.7,0.0,0.0,1,0.0,0.0,2792595.920000002,0.6624843943134705
PAPAMI,9789.380000000001,9789.380000000001,0.0,302.23,1,0.0,3.09,2802385.3000000017,0.6648067179384382
MADABD,9583.8,9583.8,0.0,0.0,1,0.0,0.0,2811969.1000000015,0.6670802720508503
POTCHR,9504.92,9504.92,0.0,0.0,1,0.0,0.0,2821474.0200000014,0.6693351135494363
OGRLIS,9503.710000000001,9503.710000000001,0.0,0.0,1,0.0,0.0,2830977.7300000014,0.671589668001081
KASNIK,9483.37,9483.37,0.0,0.0,1,0.0,0.0,2840461.1000000015,0.6738393972173654
ZMEMAG,9330.03,9330.03,0.0,0.0,1,0.0,0.0,2849791.1300000013,0.6760527497576343
PARCAR,9280.04,9280.04,0.0,0.0,1,0.0,0.0,2859071.1700000013,0.6782542432263365
BRERIC,9246.11,9246.11,0.0,0.0,1,0.0,0.0,2868317.280000001,0.6804476875192387
PATPINNV,9239.82,9239.82,0.0,70.58,1,0.0,0.76,2877557.100000001,0.6826396396425037
BREKEVEL,9224.46,9224.46,0.0,0.0,1,0.0,0.0,2886781.560000001,0.6848279479302165
FULKAL,9200.78,9200.78,0.0,0.0,1,0.0,0.0,2895982.340000001,0.6870106386381193
RYCJUAFL,9176.23,9176.23,0.0,0.0,1,0.0,0.0,2905158.5700000008,0.6891875053770893
FARYAS,9162.07,9162.07,0.0,0.0,1,0.0,0.0,2914320.6400000006,0.6913610129551593
DEFDAV,9090.8,9090.8,0.0,0.0,1,0.0,0.0,2923411.4400000004,0.6935176132311579
GANPOO,8945.0,8945.0,87.0,46.02,1,10181.6,0.51,2932356.4400000004,0.6956396255368745
EBEMEG,8860.42,8860.42,0.0,0.0,1,0.0,0.0,2941216.8600000003,0.6977415730241655
HYVIRE,8799.800000000001,8799.800000000001,0.0,0.0,1,0.0,0.0,2950016.66,0.6998291396969262
BAICHA,8677.72,8677.72,0.0,0.0,1,0.0,0.0,2958694.3800000004,0.7018877454683699
SUKMAJ,8632.44,8632.44,0.0,0.0,1,0.0,0.0,2967326.8200000003,0.7039356095162581
KORJAMEP,8491.2,8491.2,0.0,0.0,1,0.0,0.0,2975818.0200000005,0.7059499673575439
SANJAM,8343.369999999999,8343.369999999999,0.0,0.0,1,0.0,0.0,2984161.3900000006,0.707929255653927
LATKIMPAL,8309.050000000001,8309.050000000001,0.0,0.0,1,0.0,0.0,2992470.4400000004,0.7099004022552478
VERVIN,8079.93,8079.93,0.0,0.0,1,0.0,0.0,3000550.3700000006,0.711817194976246
JANREBP,8029.86,8029.86,0.0,0.0,1,0.0,0.0,3008580.2300000004,0.7137221096473674
ANAANI,8005.66,8005.66,0.0,0.0,1,0.0,0.0,3016585.8900000006,0.7156212833796629
MORPAU,7952.54,7952.54,8025.0,0.0,1,-0.9,0.0,3024538.4300000006,0.7175078555140065
PATSHEDO,7865.51,7865.51,0.0,0.0,1,0.0,0.0,3032403.9400000004,0.7193737816191755
WITMAT,7836.94,7836.94,0.0,0.0,1,0.0,0.0,3040240.8800000004,0.7212329300953256
SEHSTE,7774.17,7774.17,0.0,40.41,1,0.0,0.52,3048015.0500000003,0.7230771877148597
PATGIA,7753.05,7753.05,0.0,116.62,1,0.0,1.5,3055768.1,0.7249164350605094
LEEALI,7638.76,7638.76,0.0,0.0,1,0.0,0.0,3063406.86,0.7267285695177945
LOPEST,7574.72,7574.72,0.0,0.0,1,0.0,0.0,3070981.58,0.7285255118377898
HASFAYFL,7513.83,7513.83,0.0,105.88,1,0.0,1.41,3078495.41,0.7303080092914581
LAMLOR,7512.3099999999995,7512.3099999999995,0.0,273.17,1,0.0,3.64,3086007.72,0.7320901461572331
ARANAD,7450.86,7450.86,0.0,0.0,1,0.0,0.0,3093458.58,0.73385770530851
PRODON,7412.23,7412.23,0.0,276.78,1,0.0,3.73,3100870.81,0.7356161003082643
KAUHAR,7375.2300000000005,7375.2300000000005,0.0,39.0,1,0.0,0.53,3108246.04,0.7373657178395655
SUNJOO,7258.65,7258.65,0.0,0.0,1,0.0,0.0,3115504.69,0.7390876792283738
CHAROB,7237.72,7237.72,0.0,0.0,1,0.0,0.0,3122742.41,0.7408046754167843
VAVROBRM,7153.99,7153.99,0.0,0.0,1,0.0,0.0,3129896.4000000004,0.7425018084313146
PANANE,7127.1,7127.1,0.0,0.0,1,0.0,0.0,3137023.5000000005,0.7441925623613396
CHINIC,7109.57,7109.57,0.0,0.0,1,0.0,0.0,3144133.0700000003,0.7458791576691487
DONNOR,7095.89,7095.89,0.0,0.0,1,0.0,0.0,3151228.9600000004,0.7475625076859191
DARNAT,7039.969999999999,7039.969999999999,0.0,0.0,1,0.0,0.0,3158268.9300000006,0.7492325918638819
GENPAT,7013.72,7013.72,0.0,0.0,1,0.0,0.0,3165282.650000001,0.7508964487838206
TRALUA,6996.72,6996.72,0.0,0.0,1,0.0,0.0,3172279.370000001,0.7525562728128483
JONSYR,6982.18,6982.18,0.0,0.0,1,0.0,0.0,3179261.550000001,0.7542126475340031
MCCJOS,6965.31,6965.31,0.0,0.0,1,0.0,0.0,3186226.8600000013,0.7558650202040009
JOUCYN,6904.23,6904.23,0.0,0.0,1,0.0,0.0,3193131.0900000012,0.7575029029341851
ANKSHA,6893.78,6893.78,0.0,0.0,1,0.0,0.0,3200024.870000001,0.7591383066226035
SAFTAR,6796.09,6796.09,0.0,0.0,1,0.0,0.0,3206820.960000001,0.7607505354220174
BRZDANI,6749.07,6749.07,0.0,0.0,1,0.0,0.0,3213570.0300000007,0.7623516097196298
FULDAV,6647.63,6647.63,0.0,0.0,1,0.0,0.0,3220217.6600000006,0.7639286195199485
ARRLIN,6536.719999999999,6536.719999999999,0.0,47.29,1,0.0,0.72,3226754.380000001,0.7654793182655073
COOJAN,6504.2,6504.2,0.0,0.0,1,0.0,0.0,3233258.580000001,0.7670223023279827
WADAMY,6470.66,6470.66,0.0,0.0,1,0.0,0.0,3239729.240000001,0.76855732973392
WELPAI,6467.57,6467.57,0.0,0.0,1,0.0,0.0,3246196.810000001,0.7700916241026269
SHAATI,6427.29,6427.29,0.0,0.0,1,0.0,0.0,3252624.100000001,0.771616362892164
SZASCO,6410.05,6410.05,0.0,0.0,1,0.0,0.0,3259034.150000001,0.7731370118558597
GOTMAT,6359.71,6359.71,0.0,0.0,1,0.0,0.0,3265393.860000001,0.7746457187178819
BANDRE,6349.9,6349.9,0.0,0.0,1,0.0,0.0,3271743.7600000007,0.7761520983646197
VILCOU,6280.13,6280.13,0.0,0.0,1,0.0,0.0,3278023.8900000006,0.7776419265526018
RAIMANNA,6269.8,6269.8,0.0,89.99,1,0.0,1.44,3284293.6900000004,0.7791293041662833
GRAVICDES,6210.35,6210.35,0.0,0.0,1,0.0,0.0,3290504.0400000005,0.780602578523221
BARMARRA,6126.67,6126.67,0.0,0.0,1,0.0,0.0,3296630.7100000004,0.7820560015677224
CRUVLACH,6065.93,6065.93,0.0,0.0,1,0.0,0.0,3302696.6400000006,0.7834950153302284
JONKAR,6023.51,6023.51,0.0,0.0,1,0.0,0.0,3308720.1500000004,0.7849239658437674
JAVJAM,5966.79,5966.79,0.0,0.0,1,0.0,0.0,3314686.9400000004,0.786339460735397
CULSEA,5941.54,5941.54,0.0,0.0,1,0.0,0.0,3320628.4800000004,0.7877489655978797
GOVMON,5939.7300000000005,5939.7300000000005,0.0,0.0,1,0.0,0.0,3326568.2100000004,0.7891580410760948
JANUPA,5888.93,5888.93,0.0,0.0,1,0.0,0.0,3332457.1400000006,0.7905550653273529
PATMAR,5870.63,5870.63,0.0,0.0,1,0.0,0.0,3338327.7700000005,0.7919477482901599
SALNICLAW,5827.219999999999,5827.219999999999,0.0,239.52999999999997,1,0.0,4.11,3344154.9900000007,0.7933301331474119
MCSJAM,5790.530000000001,5790.530000000001,0.0,0.0,1,0.0,0.0,3349945.5200000005,0.7947038140771626
SINSUN,5679.71,5679.71,0.0,0.0,1,0.0,0.0,3355625.2300000004,0.7960512053027525
AKADAN,5664.31,5664.31,0.0,0.0,1,0.0,0.0,3361289.5400000005,0.797394943203635
SATHARNA,5644.5,5644.5,0.0,159.98,1,0.0,2.83,3366934.0400000005,0.798733981600462
VILGILCH,5634.7300000000005,5634.7300000000005,0.0,316.99,1,0.0,5.63,3372568.7700000005,0.8000707022711596
