dashboard,product_id,description,new_units,remake_units,total_units,remake_rate_pct,period
Fixed,CRNPORADRG,PFM PORCELAIN ADJUST/REGLAZE,0,7,7,100.0,1/1/2026 – 10/8/2026
Fixed,CRNZIADJUS,PORCELAIN TO ZIRCONIA ADJUST/REGLAZE,1,28,29,96.6,1/1/2026 – 10/8/2026
Fixed,CRNZAD,ZIRC ADJUST,46,489,535,91.4,1/1/2026 – 10/8/2026
Fixed,CRNZGL,ZIRC REGLAZE,2,9,11,81.8,1/1/2026 – 10/8/2026
Fixed,CRNEMXADRG,EMAX ADJUST/REGLAZE,5,16,21,76.2,1/1/2026 – 10/8/2026
Removable,REMADJ,REMOVABLE ADJUSTMENT,15,39,54,72.2,1/1/2026 – 10/8/2026
Removable,DENVERIJIG,VERIFICATION JIG,2,4,6,66.7,1/1/2026 – 10/8/2026
Removable,CRAREP,CRA SIMPLE REPAIR,5,9,14,64.3,1/1/2026 – 10/8/2026
Removable,DIGDENCL,DIGITAL CLONE DENTURE,3,4,7,57.1,1/1/2026 – 10/8/2026
Removable,DENFULESET,FULL DENTURE SET UP ECONOMY TEETH,4,5,9,55.6,1/1/2026 – 10/8/2026
Fixed,DWXDIAWUP,DIAGNOSTIC WHITE WAX UP,39,44,83,53.0,1/1/2026 – 10/8/2026
Removable,PARTLESS PROTOYPE,PARTLESS PROTOTYPE,14,12,26,46.2,1/1/2026 – 10/8/2026
Removable,PARCASTSET,CAST PARTIAL FRAME AND SET TEETH,26,18,44,40.9,1/1/2026 – 10/8/2026
Removable,DENFULLEC,FULL DENTURE ECONOMY,6,3,9,33.3,1/1/2026 – 10/8/2026
Removable,MEGTIABUT,MEGAGEN GENUINE TI-ABUTMENT,4,2,6,33.3,1/1/2026 – 10/8/2026
Fixed,CRNEMAXL,LAYERED EMAX,54,25,79,31.6,1/1/2026 – 10/8/2026
Removable,DENRELINEH,HEATCURE RELINE,36,15,51,29.4,1/1/2026 – 10/8/2026
Fixed,CRNPFMSP,PFM NOBLE (plus alloy at market value/per pennyweight),40,16,56,28.6,1/1/2026 – 10/8/2026
Removable,DENSET>10,FULL SET UP (OVER 10),5,2,7,28.6,1/1/2026 – 10/8/2026
Fixed,CRNEMAXVEN,EMAX VENEER,33,12,45,26.7,1/1/2026 – 10/8/2026
Removable,DENFULPSET,FULL DENTURE SET UP PREMIUM TEETH,14,5,19,26.3,1/1/2026 – 10/8/2026
Fixed,CRNCHAR,CHARACTERIZATION,15,5,20,25.0,1/1/2026 – 10/8/2026
Fixed,CRNMLBDGWG,MARYLAND BRIDGE WING,44,14,58,24.1,1/1/2026 – 10/8/2026
Removable,DENAOFHSC,ALL ON 4 COMFORT H/S BITE SPLINT,10,3,13,23.1,1/1/2026 – 10/8/2026
Removable,STRTIABUT,STRAUMANN GENUINE TI ABUTMENT,7,2,9,22.2,1/1/2026 – 10/8/2026
Removable,ATLTIABUTSMT,ATLANTIS GENUINE TI ABUTMENT SCREWMENTABLE,7,2,9,22.2,1/1/2026 – 10/8/2026
Removable,DENREPSIM,SIMPLE REPAIR,38,10,48,20.8,1/1/2026 – 10/8/2026
Fixed,CRNPFMB,PFM BASE,192,50,242,20.7,1/1/2026 – 10/8/2026
Removable,MEGSR,MEGAGEN GENUINE TI BASE FOR SCREW RETAINED,8,2,10,20.0,1/1/2026 – 10/8/2026
Removable,DEN2RESET,2ND RESET AND WAX,52,13,65,20.0,1/1/2026 – 10/8/2026
Removable,BIOHSMT,BIO HORIZONS GENUINE SCREWMENTABLE TI ABUTMENT,30,7,37,18.9,1/1/2026 – 10/8/2026
Removable,CRANTIAPP,NTI APPLIANCE,25,5,30,16.7,1/1/2026 – 10/8/2026
Fixed,DIGEMAXL,DIGITAL EMAX LAYERED,178,35,213,16.4,1/1/2026 – 10/8/2026
Fixed,CRNCS,CUSTOM SHADING,145,26,171,15.2,1/1/2026 – 10/8/2026
Removable,DENFULEFIN,FULL DENTURE FINISH ECONOMY TEETH,23,4,27,14.8,1/1/2026 – 10/8/2026
Removable,PARTIALCLEAR,CLEAR FLEXIBLE PARTIAL W/ CLASPS,6,1,7,14.3,1/1/2026 – 10/8/2026
Removable,ENCSMT,ENCODE GENUINE SCREWMENTABLE TI ABUTMENT,12,2,14,14.3,1/1/2026 – 10/8/2026
Removable,DIGDENECO,DIGITAL FULL DENTURE ECONOMY,36,6,42,14.3,1/1/2026 – 10/8/2026
Fixed,CRNEMAXM,MONOLITHIC EMAX,54,9,63,14.3,1/1/2026 – 10/8/2026
Removable,ENCMOSSMT,MOS ENCODE SCREWMENTABLE TI ABUTMENT,12,2,14,14.3,1/1/2026 – 10/8/2026
Removable,SLPTAP3ELI,DREAM TAP 3 -SLEEP APP,6,1,7,14.3,1/1/2026 – 10/8/2026
Fixed,CRNFCCNP,FULL CAST CROWN BASE ALLOY,12,2,14,14.3,1/1/2026 – 10/8/2026
Fixed,DIGEMAXVEN,DIGITAL EMAX VENEER,155,22,177,12.4,1/1/2026 – 10/8/2026
Removable,DENSET>9,SET UP 1-9 TEETH,240,33,273,12.1,1/1/2026 – 10/8/2026
Removable,PARTIALUNI,UNILATERAL FLEXI PARTIAL,32,4,36,11.1,1/1/2026 – 10/8/2026
Removable,DIGCRAHARD,DIGITAL CRA HARD,224,28,252,11.1,1/1/2026 – 10/8/2026
Removable,A04RETREAD,A04 RETREAD,8,1,9,11.1,1/1/2026 – 10/8/2026
Removable,DIGFLIP1,5-DIGITAL FLIPPER 1-5 TEETH,135,15,150,10.0,1/1/2026 – 10/8/2026
Fixed,CRNEZZ,ARTISTIC EZ,1628,169,1797,9.4,1/1/2026 – 10/8/2026
Removable,PARTIALDUR,FLEXI PARTIAL W/ PINK CLASPS,234,23,257,8.9,1/1/2026 – 10/8/2026
Fixed,DIGLAYCRN,DIGITAL LAYERED ZIRC,373,34,407,8.4,1/1/2026 – 10/8/2026
Removable,PARCASTFIN,CAST PARTIAL FRAME PROCESS AND FINISH,135,12,147,8.2,1/1/2026 – 10/8/2026
Removable,SMTCRN,SCREWMENTABLE TI ABUTMENT,234,20,254,7.9,1/1/2026 – 10/8/2026
Fixed,CRNZILAYA,LAYERED ZIRC,274,23,297,7.7,1/1/2026 – 10/8/2026
Removable,DENRELS/D,SAME DAY RELINE,12,1,13,7.7,1/1/2026 – 10/8/2026
Removable,ORTVFRET,VF RETAINER,210,17,227,7.5,1/1/2026 – 10/8/2026
Removable,ORTESSEX,ESSEX APPLIANCE,51,4,55,7.3,1/1/2026 – 10/8/2026
Fixed,CRNBRUX,BRUXZIR,5504,432,5936,7.3,1/1/2026 – 10/8/2026
Removable,DENAO4ZPT,ALL ON 4 ZIRC DENTURE PROTOTYPE,51,4,55,7.3,1/1/2026 – 10/8/2026
Removable,DENFLIP1,4-FLIPPER 1-4 TEETH,77,6,83,7.2,1/1/2026 – 10/8/2026
Fixed,ZRABUT,ZIRCONIA ABUTMENT,13,1,14,7.1,1/1/2026 – 10/8/2026
Removable,DENFLIP5OVER,FLIPPER 5> TEETH,13,1,14,7.1,1/1/2026 – 10/8/2026
Removable,ORTSMILEAA,SMILE SHAPERS ADDITIONAL ALIGNER,134,10,144,6.9,1/1/2026 – 10/8/2026
Removable,DENREPCOM,COMPLEX REPAIR,254,17,271,6.3,1/1/2026 – 10/8/2026
Fixed,DIGEZZCRN,DIGITAL ARTISTIC EZ,1819,120,1939,6.2,1/1/2026 – 10/8/2026
Removable,CRATHERM,THERMOPLASTIC CRA,75,5,80,6.2,1/1/2026 – 10/8/2026
Fixed,CRNFCC,FULL CAST CROWN,31,2,33,6.1,1/1/2026 – 10/8/2026
Removable,SCREWRETCRN,SCREW RETAINED CROWN TI-BASE,577,33,610,5.4,1/1/2026 – 10/8/2026
Removable,NOBSR,NOBEL GENUINE TI-BASE FOR SCREW RETAINED CROWN,70,4,74,5.4,1/1/2026 – 10/8/2026
Removable,TIABUT,TITAINIUM ABUTMENT,105,6,111,5.4,1/1/2026 – 10/8/2026
Removable,DENPRCOV,PROC OVERDENTURE,18,1,19,5.3,1/1/2026 – 10/8/2026
Removable,DENFULL,FULL DENTURE PREMIUM,18,1,19,5.3,1/1/2026 – 10/8/2026
Removable,CRA,CRA,429,23,452,5.1,1/1/2026 – 10/8/2026
Fixed,MODC1,PRINTED STUDY MODEL 1 ARCH,75,4,79,5.1,1/1/2026 – 10/8/2026
Fixed,DIGBRUXCRN,DIGITAL BRUXZIR,6896,345,7241,4.8,1/1/2026 – 10/8/2026
Removable,ORTHAWLEY,HAWLEY RETAINER,20,1,21,4.8,1/1/2026 – 10/8/2026
Removable,CRAHSC,COMFORT H/S BITE SPLINT,556,26,582,4.5,1/1/2026 – 10/8/2026
Removable,NOBTIABUT,NOBEL GENUINE TI ABUTMENT,21,1,22,4.5,1/1/2026 – 10/8/2026
Fixed,DIGEMAXMCRN,DIGITAL EMAX MONO,130,6,136,4.4,1/1/2026 – 10/8/2026
Removable,DENAO4ZIRC,ALL ON 4 ZIRC DENTURE FINISH W/ H/S COMFORT GUARD,92,4,96,4.2,1/1/2026 – 10/8/2026
Removable,DENBB,ACRYLIC BASE&BITE RIM,388,17,405,4.2,1/1/2026 – 10/8/2026
Removable,DENFULPFIN,FULL DENTURE FINISH PREMIUM TEETH,168,7,175,4.0,1/1/2026 – 10/8/2026
Removable,PARTIAL,PARTIAL FRAMEWORK,150,6,156,3.8,1/1/2026 – 10/8/2026
Fixed,DIGPFMCRN,DIGITAL PFM,159,6,165,3.6,1/1/2026 – 10/8/2026
Removable,STRSR,STRAUMANN GENUINE TI-BASE FOR SCREW RETAINED CROWN,87,3,90,3.3,1/1/2026 – 10/8/2026
Removable,NOBSMT,NOBEL BIOCARE GENUINE SCREWMENTABLE TI ABUTMENT,31,1,32,3.1,1/1/2026 – 10/8/2026
Removable,DENPROC,PROCESS FINISH,123,4,127,3.1,1/1/2026 – 10/8/2026
Fixed,DIGDWXDWU,DIGITAL DIAGNOSTIC WAXUP,594,15,609,2.5,1/1/2026 – 10/8/2026
Removable,DENCUSTRAY,CUSTOM TRAY,141,3,144,2.1,1/1/2026 – 10/8/2026
Removable,STRSMT,STRAUMANN GENUINE SCREWMENTABLE TI ABUTMENT,99,2,101,2.0,1/1/2026 – 10/8/2026
Removable,CRADUAL,DUAL CRA,200,3,203,1.5,1/1/2026 – 10/8/2026
Fixed,CRNTEMP,ACRYLIC TEMPORARY,152,2,154,1.3,1/1/2026 – 10/8/2026
Removable,DIGCRATHERM,DIGITAL THERMOPLASTIC CRA,119,1,120,0.8,1/1/2026 – 10/8/2026
Fixed,DIGFCCRN,DIGITAL FULL CAST CROWN,37,0,37,0.0,1/1/2026 – 10/8/2026
Removable,CRABSPLIN,B-SPLINT,5,0,5,0.0,1/1/2026 – 10/8/2026
Removable,SGBARPROC,BARIUM PROCESSED STENT,6,0,6,0.0,1/1/2026 – 10/8/2026
Removable,SGADDSITE,SURGICAL GUIDE ADDITIONAL SITE,138,0,138,0.0,1/1/2026 – 10/8/2026
Fixed,CRNREDCOP,REDUCTION COPING,6,0,6,0.0,1/1/2026 – 10/8/2026
Removable,DENREPSDAY,SAME DAY COMPLEX REPAIR,25,0,25,0.0,1/1/2026 – 10/8/2026
Fixed,CRNSTLEXPT,STL FILE EXPORT,11,0,11,0.0,1/1/2026 – 10/8/2026
Removable,DENMTHGRD,MOUTHGUARD,58,0,58,0.0,1/1/2026 – 10/8/2026
Removable,DENREPSMSD,SAME DAY SIMPLE REPAIR,12,0,12,0.0,1/1/2026 – 10/8/2026
Fixed,CRNLASWLD,LASER WELD,6,0,6,0.0,1/1/2026 – 10/8/2026
Fixed,DENPREGUI,PREP GUIDE,6,0,6,0.0,1/1/2026 – 10/8/2026
Fixed,CRNPOSTCOR,POST AND CORE,23,0,23,0.0,1/1/2026 – 10/8/2026
Removable,BIOSR,BIOHORIZONS GENUINE TI-BASE FOR SCREW RETAINED CROWN,100,0,100,0.0,1/1/2026 – 10/8/2026
Removable,DENA04SURG,A04 SURGICAL GUIDE,13,0,13,0.0,1/1/2026 – 10/8/2026
Removable,DENLINGBAR,LINGUAL BAR,7,0,7,0.0,1/1/2026 – 10/8/2026
Removable,CSPHOTO1,PHOTOGRAMMETRY PACKAGE 1,6,0,6,0.0,1/1/2026 – 10/8/2026
Removable,CONELOGSR,CONELOG SCREWMANTABLE,7,0,7,0.0,1/1/2026 – 10/8/2026
Removable,CONESR,CONELOG GENUINE TI-BASE FOR SCREW RETAINED CROWN,11,0,11,0.0,1/1/2026 – 10/8/2026
Removable,LOCATORANA,LOCATOR ANALOG,6,0,6,0.0,1/1/2026 – 10/8/2026
Removable,LOCAMALE,LOCATOR MALE,14,0,14,0.0,1/1/2026 – 10/8/2026
Removable,IMPSR,IMPLANT DIRECT TI BASE FOR SREW RETAINED,5,0,5,0.0,1/1/2026 – 10/8/2026
Removable,IMPTIABUT,IMPLANT DIRECT GENUINE TI-ABUTMENT,10,0,10,0.0,1/1/2026 – 10/8/2026
Removable,LOCAABUT,LOCATOR ABUTMENT,11,0,11,0.0,1/1/2026 – 10/8/2026
Removable,GENIMPLPART,GENUINE IMPLANTS PARTS,11,0,11,0.0,1/1/2026 – 10/8/2026
Removable,NEOSMT,NEODENT SCREWMENTABLE TI ABUTMENT,11,0,11,0.0,1/1/2026 – 10/8/2026
Removable,NEOSR,NEODENT GENUINE TI BASE FOR SCREW RETAINED CROWN,15,0,15,0.0,1/1/2026 – 10/8/2026
Removable,SMARTPARTS,SMART CONVERSION PARTS,123,0,123,0.0,1/1/2026 – 10/8/2026
Removable,SMARTADDSITE,SMART CONVERSION ADD SITE,94,0,94,0.0,1/1/2026 – 10/8/2026
Removable,ZIMSMT,ZIMMER GENUINE SCREWMENTABLE TI ABUTMENT,9,0,9,0.0,1/1/2026 – 10/8/2026
Removable,ZIMSR,ZIMMER GENUINE TI BASE FOR SCREW RETAINED CROWN,9,0,9,0.0,1/1/2026 – 10/8/2026
Removable,ZSYSSR,Z-SYSTEMS ZBASE FOR SCREW RETAINED CROWN,6,0,6,0.0,1/1/2026 – 10/8/2026
Removable,ORTSMILE3,SMILE SHAPERS - LEVEL 3,10,0,10,0.0,1/1/2026 – 10/8/2026
Removable,ORTSPMAINT,SPACE MAINTAINER,19,0,19,0.0,1/1/2026 – 10/8/2026
Removable,PHOTOZRBASE,PHOTOGRAMMETRY/DIGITAL FINAL ZR W/TI BASE,14,0,14,0.0,1/1/2026 – 10/8/2026
Removable,DENZIADSTE,ALL ZIRC ADDITIONAL SITE,15,0,15,0.0,1/1/2026 – 10/8/2026
Removable,DENAO4TMP,ALL ON 4 - TEMP DENTURE W/ SURG GUIDE,44,0,44,0.0,1/1/2026 – 10/8/2026
Removable,DENAO4HYF,ALL ON 4 HYBRID FINISH W/ H/S COMFORT GUARD,50,0,50,0.0,1/1/2026 – 10/8/2026
Removable,DENAO4,Digital A04 With Surgical Guide,78,0,78,0.0,1/1/2026 – 10/8/2026
Removable,BIOTIABUT,BIOHORIZON GENUINE TI ABUTMENT,12,0,12,0.0,1/1/2026 – 10/8/2026
Removable,DENBLEACH,BLEACHING TRAY,42,0,42,0.0,1/1/2026 – 10/8/2026
Removable,CSSAO4REP,ALL ON 4 REPAIR,34,0,34,0.0,1/1/2026 – 10/8/2026
Removable,SGSTNTBSKY,CO-DIAGNOSTIX SURGICAL GUIDE,200,0,200,0.0,1/1/2026 – 10/8/2026
