account_id,ltd_sales,ytd_sales,ly_sales,ytd_remake,product_lines,yoy_growth_pct,remake_rate_pct
SLAMICJOL,105258.45,0.0,0.0,0.0,3,0.0,0.0
MALRYA,81115.8,9087.0,21067.8,1833.0,4,-56.9,20.17
REMTHO,80462.36,0.0,2799.86,0.0,3,-100.0,0.0
SANJAM,76335.0,0.0,0.0,0.0,7,0.0,0.0
ALSEMA,64377.0,9808.91,39018.0,449.95,4,-74.9,4.59
JURAND,63671.479999999996,1964.24,13956.99,156.0,6,-85.9,7.94
NUGBRI,54656.5,0.0,0.0,0.0,4,0.0,0.0
HUBMAR,46096.97,985.91,5829.45,0.0,4,-83.1,0.0
FIEJAM,41862.92,199.99,1732.9,239.98,6,-88.5,120.0
PATUMA,40489.42,1049.97,756.99,0.0,4,38.7,0.0
LEVROR,36582.5,0.0,0.0,0.0,5,0.0,0.0
OCOJOH,35723.66,0.0,0.0,0.0,5,0.0,0.0
FRASCO,33267.19,0.0,188.0,0.0,6,-100.0,0.0
MORPAU,31576.75,1695.0,8025.0,0.0,4,-78.9,0.0
KOLMARFF,30921.29,41.94,272.61,0.0,4,-84.6,0.0
YERPAT,29766.16,399.99,0.0,0.0,5,0.0,0.0
WITLEOMOKE,29714.4,0.0,0.0,0.0,4,0.0,0.0
ZUBTHO,28606.0,0.0,0.0,0.0,1,0.0,0.0
EDGBLA,25364.63,1909.87,4939.77,0.0,1,-61.3,0.0
PONANT,25051.0,0.0,2445.0,0.0,5,-100.0,0.0
CUARACMOK,23917.440000000002,999.0,2611.94,0.0,6,-61.8,0.0
GURPHI,22547.0,600.0,5058.0,0.0,2,-88.1,0.0
FITROB,22299.059999999998,0.0,0.0,0.0,4,0.0,0.0
LAZMAR,22013.74,0.0,777.9100000000001,0.0,2,-100.0,0.0
RAIKEV,21215.72,0.0,0.0,0.0,3,0.0,0.0
ULRRIC,20341.0,0.0,0.0,0.0,1,0.0,0.0
ATHJOH,19986.739999999998,2304.8500000000004,3140.8900000000003,0.0,5,-26.6,0.0
PAPMAR,19341.0,0.0,0.0,0.0,2,0.0,0.0
LINVIN,18506.0,0.0,0.0,0.0,2,0.0,0.0
PATUMAPH,18022.0,0.0,0.0,0.0,4,0.0,0.0
HAMWIL,17250.5,0.0,0.0,0.0,4,0.0,0.0
TROCHR,17040.5,0.0,0.0,0.0,7,0.0,0.0
KANWOO,16944.75,0.0,105.99,0.0,3,-100.0,0.0
ANDMAR,16674.77,1634.98,834.89,0.0,7,95.8,0.0
POSBRI,16214.0,0.0,0.0,0.0,2,0.0,0.0
GRAVICK,16164.12,559.92,1329.81,0.0,1,-57.9,0.0
PAVJAS,15932.5,0.0,0.0,0.0,2,0.0,0.0
GENPAT,15610.99,105.99,4095.0,0.0,2,-97.4,0.0
VILGILPH,15594.1,0.0,0.0,0.0,4,0.0,0.0
GOERON,15505.57,0.0,0.0,0.0,5,0.0,0.0
KHASABMP,15294.4,0.0,0.0,0.0,3,0.0,0.0
WALBRIOP,15246.68,163.99,1353.0,58.0,6,-87.9,35.37
ZMEMAG,14541.84,3611.2799999999997,0.0,0.0,5,0.0,0.0
ESCVICCROS,14451.0,0.0,0.0,0.0,2,0.0,0.0
WITMAT,14440.0,0.0,671.0,0.0,5,-100.0,0.0
REEDAVIN,14435.0,0.0,0.0,0.0,2,0.0,0.0
POSSHA,14389.0,0.0,0.0,0.0,4,0.0,0.0
DROMIC,14327.65,0.0,0.0,0.0,5,0.0,0.0
ADAWID,14248.5,3795.0,10453.5,621.0,1,-63.7,16.36
CIAANN,13577.41,0.0,0.0,0.0,1,0.0,0.0
PLAROB,13571.34,735.94,1259.96,0.0,3,-41.6,0.0
CHANHWA,13439.33,1655.94,4036.84,0.0,5,-59.0,0.0
PERMAR,13435.0,0.0,0.0,0.0,4,0.0,0.0
JANJAM,12960.5,0.0,0.0,0.0,5,0.0,0.0
PARKRURO,12720.0,0.0,5406.0,0.0,2,-100.0,0.0
SUNJOO,12601.78,2799.86,3727.93,399.98,2,-24.9,14.29
ORSSTE,12580.15,0.0,0.0,0.0,4,0.0,0.0
PPJOHRIC,12360.0,0.0,0.0,0.0,3,0.0,0.0
HOLMARLA,12213.5,3691.0,8522.5,69.0,3,-56.7,1.87
HASJOSWI,12096.0,0.0,0.0,0.0,1,0.0,0.0
HOLMAR,11922.71,0.0,0.0,0.0,4,0.0,0.0
COLBER,11922.5,0.0,3595.0,0.0,4,-100.0,0.0
SATHAR,11705.0,0.0,0.0,0.0,2,0.0,0.0
LETFRA,11701.5,0.0,0.0,0.0,1,0.0,0.0
TAPGAR,11251.5,0.0,3905.0,0.0,4,-100.0,0.0
KUERYA,11180.0,0.0,0.0,0.0,1,0.0,0.0
MCNJOH,11179.25,0.0,0.0,0.0,3,0.0,0.0
BRERIC,11139.15,239.99,59.0,0.0,5,306.8,0.0
LEMLOR,10903.0,0.0,0.0,0.0,4,0.0,0.0
LEICAL,10727.0,0.0,0.0,0.0,3,0.0,0.0
CHUMANRV,10632.99,1411.0,1494.0,0.0,1,-5.6,0.0
RHICAT,10616.0,0.0,1012.0,0.0,3,-100.0,0.0
GRAALE,10608.94,83.0,0.0,0.0,6,0.0,0.0
JACDAV,10583.5,0.0,0.0,0.0,3,0.0,0.0
IZZKAR,10363.0,0.0,0.0,0.0,4,0.0,0.0
KOZJOH,10356.0,0.0,0.0,0.0,4,0.0,0.0
DAHJEF,10282.32,0.0,0.0,0.0,5,0.0,0.0
PAIADI,10160.0,840.0,6510.0,0.0,1,-87.1,0.0
FLESCO,10145.52,0.0,0.0,0.0,5,0.0,0.0
ZBOANN,10096.94,885.9200000000001,1567.77,0.0,2,-43.5,0.0
BRACHA,10068.75,0.0,0.0,0.0,2,0.0,0.0
HALJAS,9982.0,0.0,0.0,0.0,2,0.0,0.0
FELAMY,9953.71,0.0,0.0,0.0,3,0.0,0.0
STITIM,9570.0,0.0,0.0,0.0,1,0.0,0.0
PAHLOU,9480.0,0.0,0.0,0.0,2,0.0,0.0
HANEMIMUN,9428.41,580.99,2221.88,950.0,2,-73.9,163.51
POTCHR,9313.49,0.0,709.99,0.0,4,-100.0,0.0
NUCMAG,9280.97,809.99,1919.99,0.0,6,-57.8,0.0
MURKAR,9204.5,0.0,0.0,0.0,4,0.0,0.0
APPAARLG,9200.0,0.0,0.0,0.0,1,0.0,0.0
PAPATH,9199.0,0.0,0.0,0.0,3,0.0,0.0
KUCMAR,9142.970000000001,0.0,1429.97,0.0,3,-100.0,0.0
SKOTHO,9138.5,0.0,0.0,0.0,4,0.0,0.0
WEYBRY,9094.51,0.0,0.0,0.0,5,0.0,0.0
PALCHR,9037.0,0.0,0.0,0.0,4,0.0,0.0
PPPOPNAT,8960.0,0.0,0.0,0.0,1,0.0,0.0
GREGGA,8905.5,0.0,0.0,0.0,6,0.0,0.0
FELNIC,8775.3,0.0,0.0,0.0,3,0.0,0.0
DYKYUK,8676.5,0.0,0.0,0.0,2,0.0,0.0
LOVTAD,8643.5,0.0,412.0,0.0,1,-100.0,0.0
JUEDAV,8326.93,349.99,0.0,0.0,4,0.0,0.0
CENJAN,8318.470000000001,0.0,0.0,0.0,5,0.0,0.0
GRAVICDES,8308.26,0.0,159.0,0.0,4,-100.0,0.0
SINPAU,8155.0,441.0,551.0,0.0,4,-20.0,0.0
BALJOS,8136.75,2319.5,5472.25,0.0,2,-57.6,0.0
MCGROB,8038.0,0.0,1800.0,0.0,5,-100.0,0.0
ORNJOSLAP,8037.0,0.0,0.0,0.0,6,0.0,0.0
YOUEHAALL,8019.83,0.0,0.0,0.0,2,0.0,0.0
PATDHASHW,8018.77,0.0,0.0,0.0,2,0.0,0.0
DAMRAY,8014.0,0.0,0.0,0.0,3,0.0,0.0
PERLUI,7936.34,2449.88,3183.46,789.98,4,-23.0,32.25
BOLDEA,7930.0,0.0,0.0,0.0,2,0.0,0.0
DANBRI,7922.5,0.0,0.0,0.0,1,0.0,0.0
RODJORCP,7839.88,0.0,0.0,0.0,3,0.0,0.0
STOMARC,7636.28,54.99,3765.65,55.0,1,-98.5,100.02
SAHELE,7591.0,0.0,0.0,0.0,3,0.0,0.0
DEWGLEWR,7508.8099999999995,0.0,119.99,0.0,6,-100.0,0.0
COOJAN,7478.0,147.0,886.0,0.0,5,-83.4,0.0
MEYTHODS,7415.0,0.0,0.0,0.0,1,0.0,0.0
GOTMAT,7350.0,0.0,0.0,0.0,2,0.0,0.0
BISROB,7252.75,0.0,0.0,0.0,1,0.0,0.0
FRATER,7189.0,0.0,0.0,0.0,5,0.0,0.0
OGRLIS,7157.0,600.0,600.0,0.0,3,0.0,0.0
KORNAT,7154.469999999999,0.0,189.98,0.0,6,-100.0,0.0
KASNIK,6909.99,0.0,0.0,0.0,3,0.0,0.0
OBEGAR,6868.72,365.99,611.94,0.0,5,-40.2,0.0
KHASUM,6858.98,279.98,2588.0,0.0,1,-89.2,0.0
KINGWAY,6843.75,0.0,0.0,0.0,2,0.0,0.0
ORNJOSCP,6717.79,0.0,0.0,0.0,3,0.0,0.0
KLEJAM,6609.0,0.0,0.0,0.0,1,0.0,0.0
CARMATFL,6503.47,0.0,0.0,0.0,2,0.0,0.0
NICJON,6500.0,0.0,0.0,0.0,1,0.0,0.0
PARROG,6442.0,0.0,0.0,0.0,1,0.0,0.0
BROTHO,6382.38,0.0,0.0,0.0,3,0.0,0.0
HYVIRE,6244.969999999999,91.98,1375.0,0.0,3,-93.3,0.0
TYSMONLB,6205.99,394.99,5811.0,0.0,3,-93.2,0.0
JANPET,6192.93,0.0,4549.95,0.0,4,-100.0,0.0
HASFAYFL,6133.5,1690.5,4443.0,103.5,2,-62.0,6.12
MCCSCO,6098.98,0.0,189.0,0.0,4,-100.0,0.0
BACOLG,6056.0,0.0,0.0,0.0,3,0.0,0.0
YOUSANRW,6040.0,0.0,0.0,0.0,1,0.0,0.0
GENLAR,6004.0,0.0,0.0,0.0,6,0.0,0.0
YIANIC,5912.97,0.0,0.0,0.0,4,0.0,0.0
WADAMY,5887.5,525.0,1575.0,0.0,6,-66.7,0.0
KOSFAY,5875.0,0.0,0.0,0.0,4,0.0,0.0
KEEEMI,5822.25,0.0,0.0,0.0,4,0.0,0.0
MATJOSLOW,5818.0,0.0,0.0,0.0,5,0.0,0.0
FRECHA,5809.5,0.0,0.0,0.0,4,0.0,0.0
BRZDANI,5798.87,573.4399999999999,0.0,0.0,3,0.0,0.0
MCCJOS,5793.5,0.0,10.25,0.0,3,-100.0,0.0
BERNIC,5750.0,0.0,0.0,0.0,1,0.0,0.0
LATKIMPAL,5747.5,0.0,0.0,0.0,3,0.0,0.0
THUHAD,5690.0,0.0,0.0,0.0,4,0.0,0.0
VILCOU,5597.0,2990.0,0.0,0.0,7,0.0,0.0
BLABRE,5578.5,0.0,0.0,0.0,4,0.0,0.0
GUDCHR,5563.99,0.0,0.0,0.0,2,0.0,0.0
FORDANELM,5500.5,0.0,0.0,0.0,4,0.0,0.0
PATRIC,5469.6,0.0,0.0,0.0,5,0.0,0.0
TRIRUS,5430.3,0.0,0.0,0.0,3,0.0,0.0
LOVJAM,5425.5,0.0,0.0,0.0,4,0.0,0.0
ALBMONWA,5310.0,0.0,300.0,0.0,3,-100.0,0.0
GEHTED,5277.0,0.0,0.0,0.0,4,0.0,0.0
PATBIN,5264.66,0.0,0.0,0.0,4,0.0,0.0
WALSCO,5252.25,0.0,1108.0,0.0,3,-100.0,0.0
FRAMIC,5227.8,59.98,2709.6099999999997,29.99,4,-97.8,50.0
KAPSCO,5226.0,0.0,0.0,0.0,3,0.0,0.0
RYNJOS,5216.0,0.0,0.0,0.0,4,0.0,0.0
ALERAU,5128.0,0.0,0.0,0.0,2,0.0,0.0
KAPSIMOL,5049.0,0.0,0.0,0.0,3,0.0,0.0
PAPAMI,5040.0,0.0,105.0,0.0,4,-100.0,0.0
SLAMICDYE,5038.97,179.98,1401.99,0.0,3,-87.2,0.0
CREJASTP,4916.6,0.0,41.6,0.0,3,-100.0,0.0
KASMIK,4816.7,0.0,383.75,0.0,5,-100.0,0.0
FOSERI,4793.66,0.0,159.0,0.0,4,-100.0,0.0
LEICHRBC,4787.42,0.0,0.0,0.0,2,0.0,0.0
VARDAV,4759.0,0.0,0.0,0.0,4,0.0,0.0
GANPOO,4726.0,1279.0,843.0,0.0,3,51.7,0.0
JOUCYN,4693.879999999999,159.99,959.94,0.0,2,-83.3,0.0
LAMROB,4691.5,0.0,0.0,0.0,4,0.0,0.0
RUTIVE1,4618.0,0.0,0.0,0.0,2,0.0,0.0
PPHIRANT,4600.0,0.0,0.0,0.0,1,0.0,0.0
FREKAT,4594.0,0.0,0.0,0.0,4,0.0,0.0
CERGAI,4568.5,0.0,90.0,0.0,6,-100.0,0.0
EARAND,4540.0,0.0,0.0,0.0,3,0.0,0.0
SAMAND,4531.0,1500.0,500.0,0.0,2,200.0,0.0
MCGKEL,4490.0,0.0,0.0,0.0,1,0.0,0.0
BEHBRICHI,4456.0,0.0,0.0,0.0,3,0.0,0.0
PENPAT,4422.0,0.0,0.0,0.0,3,0.0,0.0
LEURIN,4418.92,0.0,239.98,0.0,4,-100.0,0.0
ROCSTE,4360.0,0.0,0.0,0.0,1,0.0,0.0
PATPARNAP,4340.0,0.0,0.0,0.0,2,0.0,0.0
ROMJUL,4331.0,0.0,0.0,0.0,4,0.0,0.0
GARLIN,4277.68,184.99,844.99,0.0,3,-78.1,0.0
SOWZEN,4259.0,0.0,0.0,0.0,2,0.0,0.0
MANMARG,4249.0,0.0,0.0,0.0,1,0.0,0.0
FUNROB,4245.75,0.0,0.0,0.0,5,0.0,0.0
STUKRI,4235.97,0.0,0.0,0.0,4,0.0,0.0
WYLTYL,4200.0,0.0,4200.0,0.0,1,-100.0,0.0
DEATER,4145.25,0.0,0.0,0.0,5,0.0,0.0
AKHJOSCHG,4145.0,0.0,0.0,0.0,1,0.0,0.0
AZIHAM,4119.5,0.0,0.0,0.0,4,0.0,0.0
MARSUB,4103.5,0.0,0.0,0.0,2,0.0,0.0
PATGAR,4077.0,0.0,0.0,0.0,3,0.0,0.0
ANSASICH,4072.0,0.0,0.0,0.0,2,0.0,0.0
HOMKUR,4070.99,378.0,3678.99,378.0,3,-89.7,100.0
DROJOH,4067.6,0.0,0.0,0.0,2,0.0,0.0
NICJEF,4038.79,1477.45,2549.85,168.25,4,-42.1,11.39
PETRYA,4000.0,1900.0,0.0,1425.0,2,0.0,75.0
SOLJOS,3974.0,0.0,0.0,0.0,3,0.0,0.0
DROSEA,3934.5,0.0,0.0,0.0,3,0.0,0.0
SHADHALA,3900.0,0.0,3488.0,0.0,2,-100.0,0.0
KWITHO,3865.75,0.0,0.0,0.0,5,0.0,0.0
MARJAM,3859.5,0.0,0.0,0.0,4,0.0,0.0
LEEJONBER,3847.25,0.0,0.0,0.0,4,0.0,0.0
BAHMAN,3826.5,0.0,0.0,0.0,4,0.0,0.0
MULJENBG,3815.5,0.0,0.0,0.0,3,0.0,0.0
COFJER,3808.96,0.0,439.0,0.0,5,-100.0,0.0
GUAMIC,3800.0,0.0,0.0,0.0,2,0.0,0.0
GELASH,3795.0,0.0,0.0,0.0,1,0.0,0.0
WOJMAR,3771.9,0.0,0.0,0.0,5,0.0,0.0
BENVALPH,3770.7,0.0,0.0,0.0,4,0.0,0.0
CORJER,3749.5,0.0,0.0,0.0,5,0.0,0.0
PARSTEV,3725.0,0.0,0.0,0.0,3,0.0,0.0
JANKEL,3722.0,0.0,0.0,0.0,3,0.0,0.0
BARKYR,3706.0,0.0,0.0,0.0,3,0.0,0.0
MANJON,3650.0,0.0,0.0,0.0,3,0.0,0.0
GATGUY,3647.0,0.0,0.0,0.0,3,0.0,0.0
WERROB,3624.0,304.2,0.0,0.0,3,0.0,0.0
CROTIM,3608.25,0.0,0.0,0.0,3,0.0,0.0
SCHADA,3600.38,0.0,0.0,0.0,4,0.0,0.0
LAWLAN,3550.0,0.0,0.0,0.0,2,0.0,0.0
KOLANNCHI,3549.98,0.0,299.98,0.0,1,-100.0,0.0
BOYMIC,3544.92,0.0,781.96,0.0,4,-100.0,0.0
SEGEDW,3523.5,0.0,0.0,0.0,2,0.0,0.0
JAGSTE,3514.95,0.0,0.0,0.0,3,0.0,0.0
SALROB,3510.0,0.0,0.0,0.0,1,0.0,0.0
PULPETSEN,3500.0,0.0,3500.0,0.0,2,-100.0,0.0
FONJEN,3489.49,0.0,443.99,0.0,3,-100.0,0.0
FARCHA,3421.25,0.0,0.0,0.0,2,0.0,0.0
RASMOSFL,3420.0,1520.0,1900.0,0.0,2,-20.0,0.0
JANUPACR,3400.0,800.0,2600.0,0.0,1,-69.2,0.0
HOFSTE,3384.5,0.0,0.0,0.0,3,0.0,0.0
SMIGAR,3367.4700000000003,0.0,0.0,0.0,2,0.0,0.0
ODOJOS,3340.0,0.0,0.0,0.0,3,0.0,0.0
BALGAR,3324.0,0.0,0.0,0.0,1,0.0,0.0
MACERIMU,3321.0,0.0,3321.0,0.0,1,-100.0,0.0
ABDKAS,3300.0,0.0,0.0,0.0,1,0.0,0.0
MANDEB,3282.0,0.0,0.0,0.0,2,0.0,0.0
BROCAR,3261.1099999999997,0.0,0.0,0.0,4,0.0,0.0
HOFSTENW,3242.0,0.0,0.0,0.0,2,0.0,0.0
GERTHO,3239.99,0.0,149.99,0.0,2,-100.0,0.0
SPIKIM,3237.0,0.0,0.0,0.0,4,0.0,0.0
KERSIB,3210.0,0.0,0.0,0.0,1,0.0,0.0
GOLMICTP,3200.0,0.0,0.0,0.0,1,0.0,0.0
HRUHEA,3176.0,0.0,0.0,0.0,3,0.0,0.0
PETCHR,3157.89,349.5,775.89,0.0,1,-55.0,0.0
STOTER,3157.75,0.0,0.0,0.0,2,0.0,0.0
DEAROBCH,3150.0,0.0,0.0,0.0,1,0.0,0.0
KAPSIMHIN,3138.0,0.0,675.0,0.0,2,-100.0,0.0
CHECINELM,3122.0,0.0,0.0,0.0,2,0.0,0.0
GENJEF,3103.79,0.0,0.0,0.0,2,0.0,0.0
KNIHIL,3100.0,0.0,0.0,0.0,1,0.0,0.0
PPSCHJAS,3090.0,0.0,0.0,0.0,1,0.0,0.0
APPLES,3090.0,0.0,0.0,0.0,1,0.0,0.0
FALROB,3090.0,0.0,0.0,0.0,5,0.0,0.0
NORVID,3090.0,0.0,0.0,0.0,1,0.0,0.0
AGUJUA,3090.0,0.0,0.0,0.0,1,0.0,0.0
MCKJAM,3059.27,0.0,0.0,0.0,3,0.0,0.0
SULKHAFL,3048.0,345.0,2703.0,0.0,3,-87.2,0.0
GENCHR,3047.4,0.0,0.0,0.0,3,0.0,0.0
CHEJAS,3045.0,0.0,0.0,0.0,1,0.0,0.0
DDT,3002.0,0.0,0.0,0.0,1,0.0,0.0
JURANDCH,3000.0,0.0,0.0,0.0,1,0.0,0.0
SADAFFMOK,2988.0,0.0,0.0,0.0,2,0.0,0.0
TURBRABUR,2985.0,0.0,0.0,0.0,2,0.0,0.0
ANSASIBB,2950.0,0.0,0.0,0.0,1,0.0,0.0
ZIOGOR,2943.0,0.0,0.0,0.0,2,0.0,0.0
KANTHO,2911.56,0.0,0.0,0.0,2,0.0,0.0
KAVLAN,2901.41,0.0,0.0,0.0,5,0.0,0.0
MOSTIM,2880.55,0.0,9.0,0.0,5,-100.0,0.0
GOODAV,2878.0,0.0,0.0,0.0,0,0.0,0.0
SINPRE,2861.73,0.0,0.0,0.0,1,0.0,0.0
CULSEA,2814.21,325.98,263.99,0.0,2,23.5,0.0
TONBRI,2800.0,0.0,0.0,0.0,1,0.0,0.0
PETLEO,2784.5,0.0,0.0,0.0,5,0.0,0.0
RYASEA,2770.89,60.0,66.0,0.0,3,-9.1,0.0
KOCJOA,2725.9,0.0,269.99,0.0,1,-100.0,0.0
SWAMAR,2719.0,0.0,0.0,0.0,1,0.0,0.0
DARDAVSB,2714.0,0.0,0.0,0.0,3,0.0,0.0
DESAMI,2708.25,0.0,0.0,0.0,6,0.0,0.0
GAFMEG,2688.5,0.0,279.5,0.0,5,-100.0,0.0
ZAUELIPLA,2687.0,0.0,0.0,0.0,3,0.0,0.0
KAULOU,2686.95,0.0,0.0,0.0,3,0.0,0.0
ZOLMAR,2678.0,0.0,0.0,0.0,2,0.0,0.0
LODPETYOR,2677.0,0.0,0.0,0.0,5,0.0,0.0
STOSAL,2655.5,0.0,0.0,0.0,4,0.0,0.0
SUKMAJ,2646.96,359.96,0.0,0.0,2,0.0,0.0
SHADEV,2638.16,0.0,0.0,0.0,6,0.0,0.0
FIJPHI,2627.5,0.0,0.0,0.0,4,0.0,0.0
MANTOD,2612.0,0.0,0.0,0.0,3,0.0,0.0
GUYLAN,2600.0,0.0,0.0,0.0,1,0.0,0.0
ABDSAM,2599.0,0.0,0.0,0.0,1,0.0,0.0
GRABRI,2593.0,0.0,0.0,0.0,1,0.0,0.0
MOSKEV,2577.01,0.0,0.0,0.0,5,0.0,0.0
COHADA,2568.0,0.0,1377.0,0.0,2,-100.0,0.0
HARRAC,2562.0,0.0,0.0,0.0,1,0.0,0.0
FUTGEO,2556.01,0.0,0.0,0.0,5,0.0,0.0
JANAAR,2530.0,0.0,0.0,0.0,1,0.0,0.0
SANJOSWI,2530.0,0.0,0.0,0.0,1,0.0,0.0
MCBGRE,2530.0,0.0,0.0,0.0,2,0.0,0.0
TAUMICLI,2520.0,0.0,0.0,0.0,1,0.0,0.0
ONIJEF,2520.0,0.0,0.0,0.0,2,0.0,0.0
SHECAR,2508.0,0.0,0.0,0.0,6,0.0,0.0
ANDBRE,2505.0,0.0,0.0,0.0,2,0.0,0.0
MORCHR,2501.98,0.0,1534.98,0.0,2,-100.0,0.0
MARSUBOS,2500.0,0.0,0.0,0.0,1,0.0,0.0
HYNJEFCC,2495.0,0.0,0.0,0.0,1,0.0,0.0
MANTRE,2460.0,0.0,0.0,0.0,3,0.0,0.0
CIACAE,2445.0,0.0,0.0,0.0,2,0.0,0.0
CZEBOH,2431.5,0.0,0.0,0.0,3,0.0,0.0
CASGRA,2431.4700000000003,0.0,0.0,0.0,5,0.0,0.0
ELMSAM,2421.0,0.0,0.0,0.0,2,0.0,0.0
JOHNRIC,2415.0,0.0,0.0,0.0,2,0.0,0.0
RAZLAN,2395.0,0.0,2395.0,0.0,1,-100.0,0.0
LYZWIL,2377.19,0.0,0.0,0.0,4,0.0,0.0
PULPETPLA,2377.15,0.0,0.0,0.0,5,0.0,0.0
SCARAN,2352.0,0.0,27.0,0.0,3,-100.0,0.0
PPOSTLEO,2350.0,0.0,800.0,0.0,1,-100.0,0.0
GALCHR,2341.0,0.0,0.0,0.0,2,0.0,0.0
SIMOLE,2335.75,0.0,0.0,0.0,2,0.0,0.0
HONDAV,2330.0,0.0,0.0,0.0,3,0.0,0.0
SHEATM,2324.0,249.0,2075.0,249.0,2,-88.0,100.0
TUNPER,2306.0,0.0,0.0,0.0,2,0.0,0.0
KINDAR,2300.0,600.0,0.0,0.0,1,0.0,0.0
RAMDEA,2300.0,0.0,0.0,0.0,1,0.0,0.0
SEFDAV,2295.0,0.0,798.0,0.0,1,-100.0,0.0
GOYRAC,2292.0,0.0,0.0,0.0,1,0.0,0.0
REZSEMNV,2274.99,0.0,0.0,0.0,2,0.0,0.0
BERJEF,2266.0,0.0,0.0,0.0,2,0.0,0.0
DUFROB,2260.5,0.0,0.0,0.0,4,0.0,0.0
JACWAY,2249.5,0.0,0.0,0.0,1,0.0,0.0
ZANMAR,2231.0,0.0,0.0,0.0,2,0.0,0.0
ANGLEOCP1,2231.0,0.0,0.0,0.0,3,0.0,0.0
HISBRA,2220.0,0.0,0.0,0.0,2,0.0,0.0
MULKEV,2199.6,1539.72,659.88,0.0,1,133.3,0.0
FORCHI,2178.0,0.0,0.0,0.0,3,0.0,0.0
ARONINROM,2173.0,0.0,0.0,0.0,2,0.0,0.0
MARALI,2167.5,0.0,0.0,0.0,3,0.0,0.0
ABUSIM,2152.99,564.99,850.0,0.0,3,-33.5,0.0
OPHKARA,2145.0,0.0,0.0,0.0,1,0.0,0.0
GOLLAR,2143.99,0.0,0.0,0.0,2,0.0,0.0
NICERI,2140.0,0.0,0.0,0.0,1,0.0,0.0
MCCJAM,2137.0,0.0,0.0,0.0,4,0.0,0.0
BREKEV,2130.0,0.0,0.0,0.0,2,0.0,0.0
NEWTHO,2103.5,0.0,0.0,0.0,3,0.0,0.0
PINMIC,2100.0,0.0,0.0,0.0,2,0.0,0.0
GRISTE,2100.0,0.0,0.0,0.0,1,0.0,0.0
BARDEN,2096.5,0.0,27.5,0.0,3,-100.0,0.0
KRAPET,2087.0,0.0,0.0,0.0,2,0.0,0.0
SALMICOP,2076.0,0.0,0.0,0.0,2,0.0,0.0
JOVIRE,2057.49,0.0,0.0,0.0,3,0.0,0.0
KASMAR,2040.0,0.0,0.0,0.0,2,0.0,0.0
STAMAR,2000.0,0.0,0.0,0.0,1,0.0,0.0
FULKAL,2000.0,0.0,0.0,0.0,1,0.0,0.0
CHOANE,1995.0,0.0,0.0,0.0,3,0.0,0.0
YERROD,1995.0,0.0,0.0,0.0,1,0.0,0.0
OREBRA,1993.0,0.0,0.0,0.0,3,0.0,0.0
SKOSTE,1991.75,0.0,0.0,0.0,2,0.0,0.0
MCNJOHLZ,1985.46,0.0,582.96,0.0,4,-100.0,0.0
SWAJUL,1982.5,0.0,0.0,0.0,1,0.0,0.0
GORDAVP,1977.5,0.0,0.0,0.0,1,0.0,0.0
RIEMAR,1975.0,0.0,0.0,0.0,3,0.0,0.0
KNEMIC,1969.0,0.0,0.0,0.0,2,0.0,0.0
NIEMAR,1955.18,159.0,218.98,0.0,5,-27.4,0.0
RAYROB,1951.0,0.0,0.0,0.0,1,0.0,0.0
LEEJAY,1947.0,0.0,0.0,0.0,3,0.0,0.0
MILPAU,1944.81,0.0,0.0,0.0,4,0.0,0.0
RYCJUAFL,1932.0,828.0,1104.0,69.0,1,-25.0,8.33
PATPAROL,1930.0,0.0,0.0,0.0,2,0.0,0.0
MERSEA,1927.5,0.0,0.0,0.0,1,0.0,0.0
KIMJOS,1926.23,0.0,0.0,0.0,2,0.0,0.0
SALDAN,1920.0,0.0,0.0,0.0,1,0.0,0.0
CHOIRBCH,1918.0,0.0,0.0,0.0,1,0.0,0.0
PATKIN,1878.0,0.0,0.0,0.0,1,0.0,0.0
CASJIL,1837.68,0.0,0.0,0.0,2,0.0,0.0
VOGAAR,1829.5,0.0,0.0,0.0,5,0.0,0.0
YANTAILAZ,1825.0,0.0,0.0,0.0,2,0.0,0.0
NEWDAV,1822.5,0.0,0.0,0.0,5,0.0,0.0
ARONIN,1822.49,0.0,0.0,0.0,3,0.0,0.0
PATMAR,1807.97,219.98,0.0,0.0,3,0.0,0.0
ANDSCO,1803.0,0.0,0.0,0.0,2,0.0,0.0
BEAJOH,1799.91,999.95,799.96,0.0,1,25.0,0.0
ALSDIN,1794.0,0.0,0.0,0.0,2,0.0,0.0
EISAAR,1790.0,0.0,0.0,0.0,1,0.0,0.0
MELALL,1783.5,0.0,0.0,0.0,3,0.0,0.0
FAVJOS,1774.74,0.0,0.0,0.0,3,0.0,0.0
GLUJUL,1763.72,0.0,0.0,0.0,3,0.0,0.0
LEEPAU,1755.0,0.0,0.0,0.0,1,0.0,0.0
LAPANT,1749.65,161.88,1022.17,6.99,2,-84.2,4.32
MORSTECH,1735.5,0.0,0.0,0.0,3,0.0,0.0
NISLIN,1727.99,84.99,0.0,0.0,3,0.0,0.0
BERDANCP,1714.0,0.0,0.0,0.0,3,0.0,0.0
FILPAU,1701.0,0.0,0.0,0.0,2,0.0,0.0
LUCPAULYO,1698.71,0.0,756.0,0.0,4,-100.0,0.0
AZHSHA,1698.0,0.0,0.0,0.0,1,0.0,0.0
LEESOOHE,1695.0,0.0,0.0,0.0,1,0.0,0.0
GOPUSH,1693.25,0.0,567.0,0.0,3,-100.0,0.0
GIATAM,1683.0,0.0,0.0,0.0,3,0.0,0.0
ANDKRI,1683.0,0.0,0.0,0.0,1,0.0,0.0
BANSAR,1674.5,0.0,318.0,0.0,3,-100.0,0.0
HARRACHUN,1654.9,0.0,0.0,0.0,3,0.0,0.0
THOSCO,1654.0,0.0,0.0,0.0,2,0.0,0.0
LUWEN,1633.94,0.0,0.0,0.0,3,0.0,0.0
WELJEF,1630.9099999999999,0.0,0.0,0.0,5,0.0,0.0
HAGERI,1627.5,0.0,0.0,0.0,1,0.0,0.0
ROGBRA,1623.0,0.0,0.0,0.0,1,0.0,0.0
KOSMICCHI,1615.98,0.0,149.99,0.0,4,-100.0,0.0
SAFTAR,1615.23,0.0,0.0,0.0,6,0.0,0.0
COFKEN,1613.75,0.0,0.0,0.0,4,0.0,0.0
PAPRIC,1599.5,0.0,0.0,0.0,5,0.0,0.0
BURSUS,1595.0,0.0,0.0,0.0,2,0.0,0.0
EBERIC,1592.5,0.0,0.0,0.0,3,0.0,0.0
LENMIC,1585.2,0.0,85.0,0.0,3,-100.0,0.0
LEESTEWES,1571.75,0.0,0.0,0.0,5,0.0,0.0
TORSUS,1571.49,0.0,0.0,0.0,4,0.0,0.0
HALDOU,1570.96,0.0,0.0,0.0,2,0.0,0.0
KIRMIC,1570.5,0.0,0.0,0.0,2,0.0,0.0
SEHSTE,1567.07,1377.48,189.59,0.0,2,626.6,0.0
DEWGLESG,1566.0,0.0,0.0,0.0,3,0.0,0.0
WILJIL,1561.48,0.0,539.98,0.0,4,-100.0,0.0
RANMAR,1558.0,0.0,45.0,0.0,3,-100.0,0.0
BAJCLA,1545.0,0.0,0.0,0.0,1,0.0,0.0
SUTVES,1545.0,0.0,0.0,0.0,1,0.0,0.0
BORMAR,1534.0,0.0,0.0,0.0,3,0.0,0.0
WADTAMPH,1525.0,0.0,1525.0,0.0,1,-100.0,0.0
SCHCAR,1524.68,0.0,0.0,0.0,3,0.0,0.0
DELDAV,1517.39,69.9,230.67,0.0,1,-69.7,0.0
GRAJOS,1511.5,0.0,0.0,0.0,2,0.0,0.0
SUDAMINAP,1502.0,356.0,267.0,0.0,4,33.3,0.0
PASKARRV,1501.0,0.0,0.0,0.0,2,0.0,0.0
AHMSAN,1496.97,419.97,780.0,0.0,2,-46.2,0.0
KNABEN,1494.0,0.0,0.0,0.0,0,0.0,0.0
WEITHO,1492.0,0.0,0.0,0.0,3,0.0,0.0
CARMAR,1484.0,0.0,0.0,0.0,1,0.0,0.0
ADLELI,1475.0,0.0,0.0,0.0,1,0.0,0.0
WEYKIM,1475.0,0.0,0.0,0.0,5,0.0,0.0
CARRYA,1475.0,0.0,0.0,0.0,1,0.0,0.0
BOGMIC,1475.0,0.0,0.0,0.0,1,0.0,0.0
SONYOU,1474.0,0.0,0.0,0.0,2,0.0,0.0
OCAJAM,1470.39,223.97,410.97,0.0,2,-45.5,0.0
RELGAR,1467.5,0.0,0.0,0.0,3,0.0,0.0
GEOCHR,1467.0,0.0,394.5,0.0,4,-100.0,0.0
ROEBOB,1451.96,0.0,318.99,0.0,2,-100.0,0.0
BOUMEL,1451.5,0.0,0.0,0.0,4,0.0,0.0
KIMEDW,1433.94,0.0,0.0,0.0,1,0.0,0.0
BELCARWES,1429.99,0.0,0.0,0.0,3,0.0,0.0
DEAALA,1425.5,0.0,0.0,0.0,3,0.0,0.0
BELCARCH,1420.0,0.0,0.0,0.0,3,0.0,0.0
SHAFRA,1416.8899999999999,0.0,0.0,0.0,3,0.0,0.0
BARKUR,1415.0,0.0,0.0,0.0,2,0.0,0.0
PULANT,1400.0,0.0,0.0,0.0,1,0.0,0.0
BACPET,1400.0,0.0,0.0,0.0,1,0.0,0.0
OBRJOH,1400.0,0.0,0.0,0.0,1,0.0,0.0
CAMWES,1387.48,0.0,0.0,0.0,3,0.0,0.0
PARISH,1386.0,0.0,0.0,0.0,3,0.0,0.0
KHUPRA,1386.0,0.0,0.0,0.0,1,0.0,0.0
MCMJIL,1385.0,0.0,0.0,0.0,4,0.0,0.0
SEMCAR,1379.5,0.0,0.0,0.0,3,0.0,0.0
PATRAJ,1377.0,0.0,1134.0,0.0,3,-100.0,0.0
FIDPHI,1376.0,0.0,0.0,0.0,1,0.0,0.0
ARNIVAMP,1368.0,0.0,0.0,0.0,4,0.0,0.0
PERMIC,1361.0,0.0,0.0,0.0,4,0.0,0.0
MILJAM,1356.0,0.0,0.0,0.0,2,0.0,0.0
KOSMIC,1355.5,0.0,0.0,0.0,4,0.0,0.0
SKOTHOELB,1354.01,0.0,0.0,0.0,3,0.0,0.0
WELJOD,1350.75,0.0,0.0,0.0,4,0.0,0.0
LIGMAKWH,1342.5,0.0,0.0,0.0,3,0.0,0.0
KAMTIMIN,1341.0,0.0,0.0,0.0,3,0.0,0.0
BUSKIM,1337.0,0.0,0.0,0.0,5,0.0,0.0
REIELIROM,1330.0,0.0,0.0,0.0,1,0.0,0.0
LEBRAFB,1327.0,0.0,0.0,0.0,2,0.0,0.0
FLYDON,1309.0,0.0,0.0,0.0,2,0.0,0.0
RAJNEH,1307.5,0.0,0.0,0.0,1,0.0,0.0
URDMON,1298.48,0.0,0.0,0.0,2,0.0,0.0
MARTIN,1295.0,0.0,0.0,0.0,1,0.0,0.0
BORDAV,1294.0,0.0,0.0,0.0,4,0.0,0.0
BELMAT,1291.0,0.0,0.0,0.0,3,0.0,0.0
TOTSUM,1286.92,0.0,0.0,0.0,3,0.0,0.0
HAFMAR,1281.48,69.9,384.45,0.0,2,-81.8,0.0
ASCDAV,1280.5,0.0,0.0,0.0,2,0.0,0.0
GASJOH,1277.5,0.0,0.0,0.0,1,0.0,0.0
PPBURJON,1265.0,0.0,0.0,0.0,2,0.0,0.0
STIRAN,1265.0,0.0,0.0,0.0,1,0.0,0.0
ORNJOSSTJ,1258.0,0.0,0.0,0.0,2,0.0,0.0
TIETER,1257.0,0.0,0.0,0.0,1,0.0,0.0
SUTVAT,1255.95,0.0,0.0,0.0,3,0.0,0.0
YALMAR,1254.1,0.0,0.0,0.0,3,0.0,0.0
PARANG,1252.99,164.99,0.0,0.0,2,0.0,0.0
PROALM,1250.0,0.0,0.0,0.0,1,0.0,0.0
NICMIC,1244.0,0.0,0.0,0.0,2,0.0,0.0
DINTER,1240.0,0.0,0.0,0.0,3,0.0,0.0
MORDENPLA,1234.0,0.0,0.0,0.0,3,0.0,0.0
KOLMAR,1234.0,0.0,0.0,0.0,4,0.0,0.0
LINGAR,1226.5,0.0,0.0,0.0,3,0.0,0.0
ANDWIL,1221.0,0.0,0.0,0.0,2,0.0,0.0
YUALEO,1209.5,0.0,0.0,0.0,3,0.0,0.0
BELTHO,1209.02,0.0,0.0,0.0,3,0.0,0.0
KHAINSAU,1201.71,0.0,0.0,0.0,3,0.0,0.0
RUTJEF,1200.0,0.0,1200.0,0.0,1,-100.0,0.0
AMAMAR,1200.0,0.0,0.0,0.0,2,0.0,0.0
GRAVICPR,1197.0,0.0,0.0,0.0,1,0.0,0.0
YOUEHA,1193.0,0.0,0.0,0.0,5,0.0,0.0
POWJOS,1193.0,0.0,0.0,0.0,3,0.0,0.0
WELKEVNAP,1186.35,0.0,0.0,0.0,2,0.0,0.0
SHESAB,1179.72,416.72,0.0,184.99,2,0.0,44.39
LAVANT,1174.0,0.0,0.0,0.0,4,0.0,0.0
SULTHO,1162.99,0.0,45.0,0.0,2,-100.0,0.0
BERDANLAP,1156.5,0.0,0.0,0.0,2,0.0,0.0
KLOCHE,1150.0,0.0,0.0,0.0,1,0.0,0.0
DISNIC,1141.0,0.0,0.0,0.0,1,0.0,0.0
SHAANK,1138.0,0.0,0.0,0.0,3,0.0,0.0
LOUSERNV,1136.0,0.0,0.0,0.0,3,0.0,0.0
PRAMAR,1133.87,598.92,534.95,0.0,3,12.0,0.0
HUTFRA,1133.85,0.0,0.0,0.0,5,0.0,0.0
STEABR,1110.5,0.0,0.0,0.0,3,0.0,0.0
ILAANT,1108.25,0.0,0.0,0.0,1,0.0,0.0
HEIJAMGUI,1104.0,0.0,0.0,0.0,2,0.0,0.0
CHAROBWR,1101.0,0.0,0.0,0.0,2,0.0,0.0
MARROM,1100.0,0.0,0.0,0.0,1,0.0,0.0
MARANTMD,1099.0,0.0,0.0,0.0,4,0.0,0.0
POLNIC,1093.5,0.0,0.0,0.0,4,0.0,0.0
RYAMICTP,1091.51,0.0,0.0,0.0,3,0.0,0.0
HARPET,1086.0,0.0,0.0,0.0,2,0.0,0.0
LEMEDW,1082.0,0.0,0.0,0.0,2,0.0,0.0
KINKEV,1073.0,0.0,0.0,0.0,3,0.0,0.0
YOKSTEFP,1065.98,0.0,199.99,0.0,1,-100.0,0.0
QAHLENPLA,1062.75,0.0,0.0,0.0,3,0.0,0.0
CHIFC,1057.0,0.0,0.0,0.0,2,0.0,0.0
GATAND,1050.0,0.0,0.0,0.0,1,0.0,0.0
ELCNIC,1050.0,0.0,0.0,0.0,1,0.0,0.0
SALHER,1050.0,0.0,0.0,0.0,2,0.0,0.0
PATNEE,1050.0,1050.0,0.0,0.0,1,0.0,0.0
SMATIF,1039.92,0.0,0.0,0.0,2,0.0,0.0
KEAMICEL,1035.0,0.0,0.0,0.0,2,0.0,0.0
STOMAR,1034.0,0.0,0.0,0.0,2,0.0,0.0
HUDCHR,1028.09,0.0,0.0,0.0,5,0.0,0.0
WILTHO,1028.0,0.0,0.0,0.0,1,0.0,0.0
FORLAU,1020.4300000000001,0.0,0.0,0.0,3,0.0,0.0
YEUOMA,1017.0,0.0,900.0,0.0,1,-100.0,0.0
WASWIL,1014.0,0.0,0.0,0.0,3,0.0,0.0
SARDEMRI,1012.0,0.0,0.0,0.0,2,0.0,0.0
MAGCON,1009.77,0.0,0.0,0.0,4,0.0,0.0
THASAM,1008.0,0.0,0.0,0.0,2,0.0,0.0
ROCDAV,1001.0,0.0,0.0,0.0,2,0.0,0.0
KIPDON,1000.0,0.0,0.0,0.0,1,0.0,0.0
PENDOU,1000.0,0.0,0.0,0.0,1,0.0,0.0
MULJENRW,999.0,0.0,0.0,0.0,3,0.0,0.0
EBEMEG,996.0,0.0,0.0,0.0,3,0.0,0.0
ODOKAR,995.01,0.0,0.0,0.0,2,0.0,0.0
OLUMOR,995.0,0.0,199.0,0.0,1,-100.0,0.0
GALPOL,994.16,0.0,0.0,0.0,4,0.0,0.0
GALROBAO4,990.0,0.0,0.0,0.0,1,0.0,0.0
CLEGARB,965.0,0.0,0.0,0.0,2,0.0,0.0
FULJAM,960.0,0.0,0.0,0.0,3,0.0,0.0
ATABAN,959.0,0.0,0.0,0.0,2,0.0,0.0
ZANMAT,959.0,0.0,0.0,0.0,2,0.0,0.0
DANQUYVH,957.0,0.0,0.0,0.0,2,0.0,0.0
PATNIT,956.5,0.0,0.0,0.0,2,0.0,0.0
SHASOBJO,955.0,0.0,0.0,0.0,1,0.0,0.0
GOEDAN,950.0,0.0,0.0,0.0,1,0.0,0.0
HOFMIC,949.0,0.0,0.0,0.0,1,0.0,0.0
GOVMON,946.0,0.0,0.0,0.0,2,0.0,0.0
RODGAR,945.5,0.0,0.0,0.0,2,0.0,0.0
MCCKAT,935.0,0.0,0.0,0.0,1,0.0,0.0
AMEDAV,933.0,0.0,0.0,0.0,1,0.0,0.0
GAFCOL,931.0,0.0,812.0,0.0,3,-100.0,0.0
JINLIN,930.0,0.0,0.0,0.0,1,0.0,0.0
BRAKEI,930.0,0.0,0.0,0.0,1,0.0,0.0
IBARAN,930.0,0.0,0.0,0.0,1,0.0,0.0
WEBBAR,926.0,0.0,0.0,0.0,3,0.0,0.0
SKUSAMCH,923.0,0.0,0.0,0.0,1,0.0,0.0
DREMATCH,921.0,0.0,0.0,0.0,2,0.0,0.0
MILNAT,920.5,0.0,0.0,0.0,3,0.0,0.0
BEIROS,916.0,0.0,0.0,0.0,1,0.0,0.0
TURBEN,914.99,0.0,0.0,0.0,2,0.0,0.0
CHUMAN,912.96,0.0,0.0,0.0,2,0.0,0.0
LAMLOR,911.94,0.0,0.0,0.0,2,0.0,0.0
COOJAS,909.0,0.0,0.0,0.0,2,0.0,0.0
MASSJOHN,908.71,0.0,0.0,0.0,4,0.0,0.0
ENAHOR,908.7,0.0,0.0,0.0,5,0.0,0.0
CHAROB,900.0,900.0,0.0,0.0,2,0.0,0.0
LIGMAR,899.5,0.0,0.0,0.0,5,0.0,0.0
MOHSAQ,898.0,0.0,0.0,0.0,1,0.0,0.0
SURTIM,897.0,0.0,0.0,0.0,1,0.0,0.0
KAPMOR,897.0,0.0,0.0,0.0,2,0.0,0.0
RAHADE,895.0,0.0,0.0,0.0,2,0.0,0.0
POGTHO,895.0,0.0,0.0,0.0,1,0.0,0.0
WALTIMWES,894.0,0.0,0.0,0.0,1,0.0,0.0
GASEFF,887.5,0.0,0.0,0.0,2,0.0,0.0
KROJAM,884.99,0.0,0.0,0.0,3,0.0,0.0
LEEANT,883.0,0.0,45.0,0.0,3,-100.0,0.0
BADATTALL,883.0,0.0,0.0,0.0,3,0.0,0.0
OFLPATWR,879.0,0.0,0.0,0.0,3,0.0,0.0
DABTOU,877.0,0.0,294.0,0.0,3,-100.0,0.0
ROSBRIAH,867.0,0.0,0.0,0.0,1,0.0,0.0
GUZCHE,863.3,0.0,0.0,0.0,3,0.0,0.0
PATPRA,863.0,0.0,0.0,0.0,2,0.0,0.0
HANLAW,860.0,0.0,0.0,0.0,2,0.0,0.0
QAHOTTSHO,850.0,0.0,0.0,0.0,1,0.0,0.0
ZAZLAY,848.95,0.0,0.0,0.0,3,0.0,0.0
HOMBRI,847.15,0.0,0.0,0.0,3,0.0,0.0
EARWIL,846.98,0.0,0.0,0.0,1,0.0,0.0
CONTBRBUR,844.0,0.0,0.0,0.0,3,0.0,0.0
LAWWIL,843.27,0.0,0.0,0.0,3,0.0,0.0
SOMMED,841.72,0.0,0.0,0.0,1,0.0,0.0
CHOBRI,840.0,0.0,0.0,0.0,1,0.0,0.0
ABDKIM,835.5,0.0,0.0,0.0,3,0.0,0.0
BETKEL,834.0,0.0,0.0,0.0,1,0.0,0.0
MARJOSCH,832.0,0.0,0.0,0.0,2,0.0,0.0
GONDMIC,828.0,0.0,0.0,0.0,2,0.0,0.0
TUCAAR,828.0,258.0,495.0,0.0,1,-47.9,0.0
GOYRINLV,827.97,827.97,0.0,0.0,1,0.0,0.0
TAUMIC,817.0,0.0,0.0,0.0,2,0.0,0.0
LAMPRO,811.0,0.0,0.0,0.0,2,0.0,0.0
SAMJACSTC,810.0,400.0,55.0,0.0,2,627.3,0.0
ABESAB,807.0,0.0,0.0,0.0,2,0.0,0.0
LEVELL,807.0,0.0,0.0,0.0,1,0.0,0.0
KLEERIC,804.0,0.0,0.0,0.0,2,0.0,0.0
VAVROBRM,800.0,800.0,0.0,0.0,1,0.0,0.0
BESANTCH,800.0,0.0,800.0,0.0,1,-100.0,0.0
NOZASH,800.0,0.0,0.0,0.0,2,0.0,0.0
PANANE,799.99,0.0,199.99,0.0,2,-100.0,0.0
THOJAM,799.0,10.0,10.0,0.0,4,0.0,0.0
CHAPAUL,795.0,0.0,0.0,0.0,2,0.0,0.0
OZIERI,793.5,0.0,0.0,0.0,3,0.0,0.0
DOMEDW,793.0,0.0,0.0,0.0,4,0.0,0.0
BIAVIN,790.0,0.0,0.0,0.0,1,0.0,0.0
HERCARMU,789.98,789.98,0.0,0.0,1,0.0,0.0
DACSTE,789.0,0.0,0.0,0.0,2,0.0,0.0
MENMAR,787.81,6.99,6.99,0.0,1,0.0,0.0
WITLEOMOK1,782.0,189.0,0.0,0.0,3,0.0,0.0
SOMMEDAU,780.0,0.0,195.0,0.0,1,-100.0,0.0
SINAMAOAK,768.0,0.0,0.0,0.0,2,0.0,0.0
KAMJOH,768.0,0.0,0.0,0.0,1,0.0,0.0
ZWICHR,767.0,0.0,0.0,0.0,1,0.0,0.0
LOSJOH,766.25,0.0,0.0,0.0,4,0.0,0.0
KMADAN,757.0,9.0,0.0,0.0,5,0.0,0.0
RINCUR,751.0,0.0,0.0,0.0,1,0.0,0.0
LOPSAR,750.0,0.0,0.0,0.0,0,0.0,0.0
DERRAL,750.0,0.0,0.0,0.0,1,0.0,0.0
INGEUG,750.0,0.0,0.0,0.0,1,0.0,0.0
SPEELI,750.0,0.0,0.0,0.0,2,0.0,0.0
LITALY,748.0,30.0,0.0,0.0,5,0.0,0.0
ROTREG,742.99,0.0,0.0,0.0,3,0.0,0.0
BEEALL,742.5,0.0,0.0,0.0,3,0.0,0.0
KOUCAN,738.0,0.0,0.0,0.0,1,0.0,0.0
EHRJOS,736.95,0.0,736.95,0.0,3,-100.0,0.0
HAMJOS,736.5,0.0,0.0,0.0,1,0.0,0.0
GRARAV,735.0,0.0,0.0,0.0,2,0.0,0.0
PRIBRU,734.5,0.0,0.0,0.0,3,0.0,0.0
GOLMICH,733.0,0.0,0.0,0.0,3,0.0,0.0
SEERANNV,727.0,0.0,417.0,0.0,2,-100.0,0.0
KURMAT,724.0,0.0,0.0,0.0,2,0.0,0.0
ROUBRA,719.0,0.0,0.0,0.0,2,0.0,0.0
HANMIR,707.0,0.0,608.0,0.0,2,-100.0,0.0
SISJOH,706.5,0.0,0.0,0.0,2,0.0,0.0
KASBEL,706.5,0.0,0.0,0.0,3,0.0,0.0
PIEPAT,702.0,0.0,0.0,0.0,1,0.0,0.0
SHIROG,700.0,0.0,0.0,0.0,1,0.0,0.0
RIYTARCHI,700.0,700.0,0.0,0.0,1,0.0,0.0
DABJOS,693.99,349.99,344.0,0.0,1,1.7,0.0
CLAROB,690.98,0.0,0.0,0.0,2,0.0,0.0
GUZJAS,689.0,0.0,0.0,0.0,2,0.0,0.0
ADS,685.0,0.0,0.0,0.0,3,0.0,0.0
LENTRA,684.0,0.0,0.0,0.0,2,0.0,0.0
VAUKRI,682.0,0.0,58.0,0.0,3,-100.0,0.0
SHEATMNV,681.57,0.0,681.57,0.0,1,-100.0,0.0
BAUBRY,678.0,0.0,0.0,0.0,3,0.0,0.0
WOOBRI,678.0,0.0,0.0,0.0,2,0.0,0.0
SHUGAR,678.0,0.0,0.0,0.0,3,0.0,0.0
KHASAMLM,674.0,0.0,0.0,0.0,1,0.0,0.0
MCDJAS,674.0,0.0,0.0,0.0,2,0.0,0.0
PATMOH,668.0,0.0,0.0,0.0,1,0.0,0.0
HATMAR,664.75,0.0,0.0,0.0,1,0.0,0.0
KAKMON,660.96,0.0,479.97,0.0,2,-100.0,0.0
JAKJOA,660.0,0.0,0.0,0.0,0,0.0,0.0
CAHJAMIN,659.0,0.0,0.0,0.0,2,0.0,0.0
APTJAS,659.0,0.0,0.0,0.0,3,0.0,0.0
WHICAR,651.5,0.0,0.0,0.0,2,0.0,0.0
SODCHA,650.0,0.0,0.0,0.0,1,0.0,0.0
INGDAV,646.5,0.0,0.0,0.0,2,0.0,0.0
MOLRYASH,641.0,0.0,0.0,0.0,2,0.0,0.0
BANROH,638.0,0.0,0.0,0.0,1,0.0,0.0
HAUTHE,637.0,0.0,0.0,0.0,1,0.0,0.0
GRIKEN,636.0,0.0,0.0,0.0,1,0.0,0.0
LEGACYDNTL,636.0,0.0,0.0,0.0,0,0.0,0.0
JACERI,635.5,0.0,0.0,0.0,3,0.0,0.0
BECDEN,630.0,0.0,0.0,0.0,3,0.0,0.0
GREPAU,629.0,0.0,0.0,0.0,2,0.0,0.0
MILJOH,624.5,0.0,0.0,0.0,1,0.0,0.0
JOHCOL,624.0,0.0,0.0,0.0,0,0.0,0.0
REEDAVCP,611.0,0.0,0.0,0.0,2,0.0,0.0
COPJEFHW,610.0,0.0,0.0,0.0,1,0.0,0.0
MOLALY,610.0,0.0,0.0,0.0,2,0.0,0.0
KATPET,610.0,0.0,0.0,0.0,1,0.0,0.0
MYCRON,606.5,0.0,0.0,0.0,2,0.0,0.0
PAUMIC,606.0,0.0,0.0,0.0,4,0.0,0.0
KHASHA,600.0,0.0,0.0,0.0,2,0.0,0.0
LEESOO,600.0,0.0,0.0,0.0,1,0.0,0.0
NEAPHI,600.0,0.0,0.0,0.0,1,0.0,0.0
KORMIK,600.0,0.0,0.0,0.0,3,0.0,0.0
BERAGAR,600.0,0.0,0.0,0.0,1,0.0,0.0
PARGIL,600.0,0.0,0.0,0.0,2,0.0,0.0
SINMAN,599.98,0.0,0.0,0.0,2,0.0,0.0
ARRLIN,599.95,239.98,239.98,0.0,1,0.0,0.0
YOULAU,596.0,0.0,596.0,0.0,1,-100.0,0.0
ZIERIC,595.5,0.0,0.0,0.0,2,0.0,0.0
MCVRAN,594.0,0.0,0.0,0.0,1,0.0,0.0
DORCHR,594.0,0.0,0.0,0.0,1,0.0,0.0
WADTAMFRAN,594.0,0.0,0.0,0.0,1,0.0,0.0
SPAKAT,594.0,0.0,0.0,0.0,1,0.0,0.0
HANLAU,593.0,0.0,0.0,0.0,3,0.0,0.0
WATJOH,590.35,0.0,0.0,0.0,4,0.0,0.0
LANJAN,590.0,0.0,295.0,0.0,1,-100.0,0.0
MIMCEL,589.0,0.0,0.0,0.0,1,0.0,0.0
MAZSUS,585.0,0.0,0.0,0.0,4,0.0,0.0
KIMGIN,584.99,584.99,0.0,0.0,2,0.0,0.0
SCHKIM,580.0,0.0,0.0,0.0,3,0.0,0.0
MCBCHL,578.0,0.0,0.0,0.0,2,0.0,0.0
NOVHEI,578.0,0.0,0.0,0.0,3,0.0,0.0
EDMJAMDP,577.0,0.0,0.0,0.0,1,0.0,0.0
NEANEA,577.0,0.0,0.0,0.0,2,0.0,0.0
SHASAG,575.0,0.0,0.0,0.0,1,0.0,0.0
MARJOH,575.0,0.0,0.0,0.0,2,0.0,0.0
CHEKAI,575.0,0.0,0.0,0.0,1,0.0,0.0
PETJAS,573.2,0.0,0.0,0.0,3,0.0,0.0
POKGAI,570.0,0.0,0.0,0.0,1,0.0,0.0
MEDCEL,565.0,0.0,0.0,0.0,2,0.0,0.0
LEEALI,563.0,394.0,169.0,0.0,1,133.1,0.0
BLAKAR,559.33,0.0,0.0,0.0,2,0.0,0.0
DIGERI,552.5,0.0,0.0,0.0,1,0.0,0.0
PRILOR,551.0,0.0,0.0,0.0,2,0.0,0.0
SCHFRE,551.0,0.0,0.0,0.0,4,0.0,0.0
CHRGIN,550.0,0.0,0.0,0.0,1,0.0,0.0
SENWILL,549.0,549.0,0.0,0.0,1,0.0,0.0
NAGRUCCORT,547.5,0.0,0.0,0.0,2,0.0,0.0
QAHOTTPLA,544.0,0.0,0.0,0.0,1,0.0,0.0
HUFALI,540.0,0.0,0.0,0.0,3,0.0,0.0
DEGJEA,540.0,0.0,0.0,0.0,2,0.0,0.0
GAMBRI,537.0,0.0,159.0,0.0,1,-100.0,0.0
SALMIC,537.0,0.0,0.0,0.0,2,0.0,0.0
ARNIVA,536.0,0.0,0.0,0.0,2,0.0,0.0
SOHMUHHW,535.98,275.99,0.0,0.0,1,0.0,0.0
SHADHARV,534.75,0.0,0.0,0.0,4,0.0,0.0
COLMAG,534.65,0.0,534.65,0.0,2,-100.0,0.0
GRARAVOL,530.0,0.0,0.0,0.0,2,0.0,0.0
POPNAT,529.8,0.0,124.8,0.0,1,-100.0,0.0
SHESABRV,529.0,0.0,474.0,399.98,3,-100.0,0.0
LEISHE,528.5,0.0,0.0,0.0,3,0.0,0.0
BANSTE,528.0,0.0,514.0,0.0,2,-100.0,0.0
VITFRA,523.0,0.0,0.0,0.0,2,0.0,0.0
GIEROB,520.5,0.0,0.0,0.0,1,0.0,0.0
RAMPOO,518.0,0.0,0.0,0.0,1,0.0,0.0
ROSJAS,517.0,0.0,0.0,0.0,1,0.0,0.0
MONJAS,517.0,0.0,0.0,0.0,3,0.0,0.0
TAQMOD,516.0,0.0,129.0,0.0,2,-100.0,0.0
CHAYON,513.0,0.0,0.0,0.0,1,0.0,0.0
GRALOU,510.93,0.0,0.0,0.0,2,0.0,0.0
FUGSTEIND,510.0,0.0,0.0,0.0,3,0.0,0.0
ROEAND,509.99,259.99,0.0,0.0,1,0.0,0.0
BLETHO,509.0,0.0,0.0,0.0,3,0.0,0.0
WIEAND,508.5,0.0,0.0,0.0,2,0.0,0.0
SINJAS,507.96,0.0,6.99,13.98,3,-100.0,0.0
NARMEE,507.0,0.0,0.0,0.0,1,0.0,0.0
SINPRA,506.0,0.0,0.0,0.0,2,0.0,0.0
HENCAR,504.0,0.0,0.0,0.0,1,0.0,0.0
RIYTAR,504.0,0.0,0.0,0.0,2,0.0,0.0
DREBRA,503.0,0.0,0.0,0.0,1,0.0,0.0
KILJEF,502.25,0.0,0.0,0.0,2,0.0,0.0
ARCEJOHN,500.0,0.0,0.0,0.0,1,0.0,0.0
KLAMIC,500.0,0.0,500.0,0.0,1,-100.0,0.0
LOCCAR,500.0,0.0,0.0,0.0,1,0.0,0.0
GRUJES,500.0,0.0,0.0,0.0,2,0.0,0.0
KADLUB,500.0,0.0,0.0,0.0,1,0.0,0.0
UTAGAB,500.0,0.0,0.0,0.0,2,0.0,0.0
ESPKEL,500.0,0.0,0.0,0.0,1,0.0,0.0
PAPATHNL,500.0,0.0,0.0,0.0,1,0.0,0.0
BAPBEN,500.0,0.0,0.0,0.0,2,0.0,0.0
PPHAMJAM,500.0,0.0,0.0,0.0,1,0.0,0.0
PATLEE,498.88,0.0,0.0,0.0,2,0.0,0.0
HAMMATNAP,498.0,0.0,0.0,0.0,1,0.0,0.0
ATAROH,495.0,0.0,0.0,0.0,1,0.0,0.0
PANRUO,495.0,0.0,0.0,0.0,1,0.0,0.0
MERMUI,495.0,0.0,0.0,0.0,1,0.0,0.0
PAPDAV,495.0,0.0,0.0,0.0,1,0.0,0.0
DARKARRF,495.0,0.0,0.0,0.0,1,0.0,0.0
PATHITNAP,495.0,0.0,0.0,0.0,1,0.0,0.0
ERINOR,495.0,0.0,0.0,0.0,1,0.0,0.0
WEIMAR,495.0,0.0,0.0,0.0,4,0.0,0.0
MURTHO,495.0,0.0,0.0,0.0,1,0.0,0.0
GELMICPH,495.0,0.0,0.0,0.0,1,0.0,0.0
SHAHENRY,495.0,0.0,0.0,0.0,1,0.0,0.0
PPMARMIC,495.0,0.0,0.0,0.0,1,0.0,0.0
HRAHEA,495.0,0.0,0.0,0.0,1,0.0,0.0
FURLAW,495.0,0.0,0.0,0.0,1,0.0,0.0
FIODAV,495.0,0.0,0.0,0.0,1,0.0,0.0
TARJOA,487.5,0.0,0.0,0.0,3,0.0,0.0
ACIMIC,481.0,0.0,0.0,0.0,2,0.0,0.0
KAMFAR,480.0,0.0,0.0,0.0,1,0.0,0.0
LUKPAU,480.0,0.0,0.0,0.0,1,0.0,0.0
ROJMOL,477.23,0.0,20.5,0.0,2,-100.0,0.0
AGRBRE,477.0,0.0,0.0,0.0,1,0.0,0.0
KOSDEN,476.0,0.0,0.0,0.0,2,0.0,0.0
ENGARL,476.0,0.0,0.0,0.0,1,0.0,0.0
KOSERI,474.99,0.0,0.0,0.0,1,0.0,0.0
PRODON,473.5,0.0,0.0,0.0,2,0.0,0.0
WALTIMBER,471.99,184.99,0.0,0.0,4,0.0,0.0
ISRHAM,470.0,0.0,0.0,0.0,1,0.0,0.0
BLEBRY,470.0,0.0,35.0,0.0,2,-100.0,0.0
CASLEN,470.0,0.0,0.0,0.0,3,0.0,0.0
RAOPOO,469.99,0.0,469.99,0.0,2,-100.0,0.0
YOUERI,467.0,0.0,0.0,0.0,2,0.0,0.0
POPDAN,467.0,449.0,0.0,0.0,2,0.0,0.0
KURSUN,466.36,0.0,0.0,0.0,1,0.0,0.0
VANMAT,465.0,0.0,0.0,0.0,1,0.0,0.0
CONKAT,465.0,0.0,0.0,0.0,1,0.0,0.0
SEERAN,464.99,275.99,0.0,0.0,1,0.0,0.0
KOGJAM,464.0,0.0,0.0,0.0,1,0.0,0.0
LYOEVA,462.5,0.0,0.0,0.0,1,0.0,0.0
SHAISM,460.0,0.0,0.0,0.0,2,0.0,0.0
GRITAR,459.0,0.0,0.0,0.0,1,0.0,0.0
ADAAND,458.0,0.0,0.0,0.0,1,0.0,0.0
DEAROB,457.5,0.0,0.0,0.0,1,0.0,0.0
MITLEE,454.0,0.0,0.0,0.0,2,0.0,0.0
WALMIC,453.0,0.0,0.0,0.0,1,0.0,0.0
MONREBSB,451.0,0.0,0.0,0.0,3,0.0,0.0
LYNJOHNRF,450.0,0.0,0.0,0.0,3,0.0,0.0
SANVICCHI,449.0,0.0,0.0,0.0,1,0.0,0.0
SHADHA,449.0,0.0,0.0,0.0,1,0.0,0.0
MCKTHO,449.0,0.0,0.0,0.0,1,0.0,0.0
LYNGERLAG,449.0,0.0,0.0,0.0,1,0.0,0.0
VALSPY,445.0,0.0,0.0,0.0,2,0.0,0.0
HAUMARY,444.0,0.0,0.0,0.0,1,0.0,0.0
KOHKON,443.0,0.0,0.0,0.0,2,0.0,0.0
BOSROB,443.0,0.0,0.0,0.0,1,0.0,0.0
PAOGAB,442.89,0.0,0.0,0.0,3,0.0,0.0
FOLCHR,439.0,0.0,0.0,0.0,1,0.0,0.0
COUEMI,439.0,0.0,0.0,0.0,1,0.0,0.0
ADATHOAH,438.0,0.0,0.0,0.0,3,0.0,0.0
PARCAR,437.99,0.0,199.99,0.0,2,-100.0,0.0
NAVODI,435.0,0.0,0.0,0.0,1,0.0,0.0
RUBJOSWEST,435.0,0.0,0.0,0.0,1,0.0,0.0
HARWILL,435.0,0.0,0.0,0.0,1,0.0,0.0
BICBRAWILM,433.0,0.0,0.0,0.0,1,0.0,0.0
DEVREE,432.0,0.0,0.0,0.0,1,0.0,0.0
FRAJOH,431.65,0.0,0.0,0.0,2,0.0,0.0
FARSAL,430.0,0.0,0.0,0.0,2,0.0,0.0
MILMAR,428.48,0.0,0.0,0.0,4,0.0,0.0
KRIHAR,427.0,0.0,0.0,0.0,2,0.0,0.0
CLEJOH,420.0,0.0,0.0,0.0,1,0.0,0.0
KLUANG,419.98,0.0,419.98,0.0,1,-100.0,0.0
URBEDW,413.5,0.0,0.0,0.0,3,0.0,0.0
ZALMARCH,413.0,0.0,0.0,0.0,1,0.0,0.0
CABSUS,408.0,0.0,0.0,0.0,1,0.0,0.0
SYLCOLBL,405.5,141.0,70.5,0.0,2,100.0,0.0
COOPET,404.0,0.0,0.0,0.0,1,0.0,0.0
JOHKEN,403.8,0.0,0.0,0.0,3,0.0,0.0
BECJAM,402.5,0.0,0.0,0.0,2,0.0,0.0
MARDAN,401.5,0.0,0.0,0.0,2,0.0,0.0
WELTAG,401.37,0.0,0.0,0.0,3,0.0,0.0
UNTMIC,400.0,0.0,0.0,0.0,3,0.0,0.0
PELMAR,400.0,0.0,0.0,0.0,1,0.0,0.0
WADTAMSH,400.0,0.0,0.0,0.0,1,0.0,0.0
YOUMEJ,400.0,0.0,400.0,0.0,1,-100.0,0.0
ANAANI,400.0,0.0,0.0,0.0,1,0.0,0.0
HUDREB,399.98,0.0,399.98,0.0,1,-100.0,0.0
SAHSUN,399.5,0.0,0.0,0.0,2,0.0,0.0
FLYDONAO4,399.33,0.0,0.0,0.0,2,0.0,0.0
GRUJOH,399.0,0.0,0.0,0.0,1,0.0,0.0
MCMSUS,399.0,0.0,0.0,0.0,2,0.0,0.0
LEEJAYNV,398.0,0.0,0.0,0.0,1,0.0,0.0
BARTOM,398.0,0.0,0.0,0.0,1,0.0,0.0
HAUREB,398.0,0.0,0.0,0.0,1,0.0,0.0
KOSJOH,397.46000000000004,0.0,0.0,0.0,3,0.0,0.0
SCHMIC,396.5,0.0,0.0,0.0,3,0.0,0.0
BRAMICSCH,396.0,0.0,0.0,0.0,1,0.0,0.0
PATKRUOL,396.0,0.0,0.0,0.0,1,0.0,0.0
MORMIC,396.0,0.0,0.0,0.0,2,0.0,0.0
FISJOH,395.0,0.0,0.0,0.0,1,0.0,0.0
BOCJER,395.0,0.0,0.0,0.0,1,0.0,0.0
ALIADI,392.5,0.0,0.0,0.0,1,0.0,0.0
VANMATWS,392.49,254.99,137.5,0.0,2,85.4,0.0
KALDON,392.36,0.0,0.0,0.0,1,0.0,0.0
ACIALA,391.5,0.0,0.0,0.0,2,0.0,0.0
SERMAR,391.12,0.0,0.0,0.0,2,0.0,0.0
CHASUS,391.0,0.0,0.0,0.0,1,0.0,0.0
DOWALA,390.0,0.0,0.0,0.0,1,0.0,0.0
ROGMIC,390.0,0.0,0.0,0.0,1,0.0,0.0
THASAMWE,388.0,0.0,0.0,0.0,1,0.0,0.0
HASFAY,388.0,388.0,0.0,0.0,1,0.0,0.0
CHAMELAUR,387.0,0.0,0.0,0.0,1,0.0,0.0
MOOJOHHOM,383.0,0.0,0.0,0.0,2,0.0,0.0
PULJOS,381.0,0.0,0.0,0.0,4,0.0,0.0
PATNITNA,379.96000000000004,379.96000000000004,0.0,0.0,1,0.0,0.0
HOUJOH,378.5,0.0,0.0,0.0,2,0.0,0.0
BOSREB,377.0,0.0,0.0,0.0,1,0.0,0.0
BONJEF,377.0,0.0,0.0,0.0,2,0.0,0.0
LIBSTE,375.0,0.0,0.0,0.0,1,0.0,0.0
UPPSHA,375.0,0.0,0.0,0.0,2,0.0,0.0
CHEBAR,374.0,0.0,0.0,0.0,1,0.0,0.0
CHOIRBBRI,370.0,0.0,0.0,0.0,1,0.0,0.0
THADEVHOM,370.0,0.0,65.0,0.0,2,-100.0,0.0
QUEFARNV,369.0,0.0,0.0,0.0,4,0.0,0.0
YOUMAR,367.73,0.0,0.0,0.0,4,0.0,0.0
MATMIC,367.0,0.0,0.0,0.0,1,0.0,0.0
DERBY,360.0,0.0,0.0,0.0,1,0.0,0.0
CURDAV,359.0,0.0,0.0,0.0,2,0.0,0.0
MILAND,358.0,0.0,0.0,0.0,2,0.0,0.0
NARNUP,358.0,0.0,0.0,0.0,3,0.0,0.0
HARHAR,358.0,0.0,0.0,0.0,1,0.0,0.0
DABHAZMAN,356.0,0.0,0.0,0.0,1,0.0,0.0
STOMARCMER,354.0,0.0,0.0,0.0,2,0.0,0.0
SCHEGOWA,353.89,0.0,0.0,0.0,2,0.0,0.0
JAIPRI,353.0,0.0,0.0,0.0,3,0.0,0.0
HUFALIHIN,353.0,0.0,149.0,0.0,2,-100.0,0.0
JANREBP,350.0,350.0,0.0,0.0,1,0.0,0.0
HANEMI,350.0,0.0,0.0,0.0,1,0.0,0.0
CONJON,345.0,207.0,138.0,0.0,1,50.0,0.0
MUSSCO,345.0,0.0,0.0,0.0,3,0.0,0.0
CHEJEN,345.0,0.0,0.0,0.0,2,0.0,0.0
LEINIR,345.0,0.0,0.0,0.0,1,0.0,0.0
STOELZ,340.0,0.0,0.0,0.0,1,0.0,0.0
SHAPAY,339.0,0.0,0.0,0.0,2,0.0,0.0
SCHJAS,338.5,0.0,0.0,0.0,2,0.0,0.0
COLVIN,338.0,0.0,0.0,0.0,1,0.0,0.0
GIUMIC,337.34,0.0,337.34,0.0,1,-100.0,0.0
KORKEN,336.8,0.0,0.0,0.0,3,0.0,0.0
DICANT,335.5,0.0,0.0,0.0,3,0.0,0.0
DIVRIC,335.26,0.0,0.0,0.0,2,0.0,0.0
GORCHR,330.0,0.0,0.0,0.0,2,0.0,0.0
LACAUS,330.0,0.0,0.0,0.0,1,0.0,0.0
VAFSAR,330.0,0.0,0.0,0.0,1,0.0,0.0
TRADUY,329.0,0.0,0.0,0.0,1,0.0,0.0
MILCRA,329.0,0.0,0.0,0.0,2,0.0,0.0
GONPRA,328.0,0.0,0.0,0.0,1,0.0,0.0
NUNSARCH,327.0,0.0,0.0,0.0,2,0.0,0.0
SWATER,326.0,0.0,0.0,0.0,2,0.0,0.0
NORIRS,321.0,0.0,0.0,0.0,2,0.0,0.0
SHUSTE,321.0,0.0,0.0,0.0,2,0.0,0.0
GRAVICHE,318.0,0.0,0.0,0.0,2,0.0,0.0
LEEISA,317.97,0.0,0.0,0.0,1,0.0,0.0
KENMARHL,317.5,0.0,0.0,0.0,2,0.0,0.0
OSTLEO,315.0,0.0,0.0,0.0,1,0.0,0.0
BENKAT,315.0,0.0,315.0,0.0,2,-100.0,0.0
MARVICWPB,315.0,0.0,0.0,0.0,1,0.0,0.0
JAIMAN,313.5,0.0,0.0,0.0,1,0.0,0.0
JOHKAT,311.0,0.0,0.0,0.0,1,0.0,0.0
SAFTARMU,309.78,45.97,263.81,0.0,3,-82.6,0.0
PAYLEE,309.0,0.0,0.0,0.0,1,0.0,0.0
KULGLE,309.0,0.0,0.0,0.0,1,0.0,0.0
SUDAMIBER,308.0,0.0,0.0,0.0,2,0.0,0.0
ZILSIM,307.0,114.0,30.0,0.0,2,280.0,0.0
KIRHEL,305.0,0.0,0.0,0.0,1,0.0,0.0
DOUJASVA,304.48,0.0,69.99,0.0,3,-100.0,0.0
LEZBEA,302.95,0.0,179.0,0.0,3,-100.0,0.0
WALNAI,302.0,0.0,0.0,0.0,1,0.0,0.0
BREWIL,300.9,0.0,0.0,0.0,4,0.0,0.0
GIBCAN,300.37,0.0,0.0,0.0,2,0.0,0.0
ATLZEL,300.0,0.0,0.0,0.0,1,0.0,0.0
SCHCOL,300.0,0.0,0.0,0.0,2,0.0,0.0
DUYTRAPL,300.0,0.0,0.0,0.0,1,0.0,0.0
KHAFAI,300.0,0.0,0.0,0.0,1,0.0,0.0
MEYGAR,300.0,0.0,0.0,0.0,1,0.0,0.0
GRUJOHCH,299.0,0.0,0.0,0.0,1,0.0,0.0
BARKATWR,299.0,0.0,0.0,0.0,2,0.0,0.0
CHEMICOS,299.0,0.0,0.0,0.0,1,0.0,0.0
RIYTARCH,299.0,0.0,0.0,0.0,1,0.0,0.0
DAREUG,299.0,0.0,0.0,0.0,1,0.0,0.0
TALANJMC,299.0,0.0,0.0,0.0,1,0.0,0.0
MOCJUS,299.0,0.0,0.0,0.0,1,0.0,0.0
MCMSUSPP,299.0,0.0,0.0,0.0,1,0.0,0.0
LENLAW,298.0,0.0,0.0,0.0,1,0.0,0.0
PROJOSCH,298.0,0.0,0.0,0.0,1,0.0,0.0
HOGTIM,298.0,30.0,30.0,30.0,1,0.0,100.0
SAMCHR,297.0,0.0,297.0,0.0,1,-100.0,0.0
GRIJAMO,297.0,0.0,0.0,0.0,1,0.0,0.0
JOYTHOCHI,295.5,0.0,0.0,0.0,1,0.0,0.0
HUGMAR,295.0,0.0,0.0,0.0,1,0.0,0.0
CIEDAV,294.99,0.0,149.99,0.0,1,-100.0,0.0
PINMICH,292.5,0.0,0.0,0.0,1,0.0,0.0
LEETIM,290.0,0.0,0.0,0.0,1,0.0,0.0
SHAATI,289.99,289.99,0.0,0.0,1,0.0,0.0
PPPETRAC,289.0,0.0,0.0,0.0,1,0.0,0.0
BAGSUM,288.91999999999996,0.0,0.0,0.0,1,0.0,0.0
HODRAN,288.5,0.0,0.0,0.0,2,0.0,0.0
LOVMIC,288.0,0.0,0.0,0.0,2,0.0,0.0
TENROB,287.5,0.0,0.0,0.0,3,0.0,0.0
LAUVIC,287.0,0.0,0.0,0.0,2,0.0,0.0
SENMIC,286.5,0.0,0.0,0.0,3,0.0,0.0
ABUAHM,284.0,0.0,0.0,0.0,1,0.0,0.0
KOULON,284.0,0.0,0.0,0.0,2,0.0,0.0
DULRAJ,283.5,0.0,0.0,0.0,1,0.0,0.0
AHOJUST,282.98,0.0,0.0,0.0,2,0.0,0.0
ASHMAR,280.5,0.0,0.0,0.0,1,0.0,0.0
KNAMIC,280.0,0.0,0.0,0.0,1,0.0,0.0
ZIEMAT,278.74,119.99,0.0,0.0,3,0.0,0.0
SENADECHI,278.0,0.0,0.0,0.0,2,0.0,0.0
STOFAY,277.0,0.0,0.0,0.0,3,0.0,0.0
BREKEVEL,276.75,0.0,143.5,0.0,1,-100.0,0.0
CORROB,275.0,0.0,0.0,0.0,1,0.0,0.0
MICJOH,274.0,0.0,0.0,0.0,2,0.0,0.0
MARMAR,273.42,0.0,0.0,0.0,3,0.0,0.0
MCCRYAGEN,273.0,0.0,0.0,0.0,2,0.0,0.0
BHAKAR,272.0,0.0,272.0,0.0,1,-100.0,0.0
ZEFDAV,271.5,0.0,0.0,0.0,3,0.0,0.0
ABDSAMI,270.0,0.0,0.0,0.0,1,0.0,0.0
KIMMIN2,270.0,0.0,85.0,0.0,2,-100.0,0.0
GAMMIG,269.5,0.0,0.0,0.0,1,0.0,0.0
PETDAV,269.0,0.0,0.0,0.0,2,0.0,0.0
DARDAV,267.0,0.0,0.0,0.0,3,0.0,0.0
WARISR,267.0,0.0,267.0,0.0,1,-100.0,0.0
BHOJAVVP,266.0,0.0,0.0,0.0,1,0.0,0.0
BURJON,264.0,0.0,0.0,0.0,2,0.0,0.0
GHAMAN,262.0,0.0,0.0,0.0,2,0.0,0.0
ROMCLABE,260.0,0.0,0.0,0.0,1,0.0,0.0
MICBUB,260.0,0.0,0.0,0.0,1,0.0,0.0
TIBDEN,259.99,0.0,259.99,0.0,1,-100.0,0.0
LOEJAM,259.0,0.0,0.0,0.0,1,0.0,0.0
LYNJOH,259.0,0.0,0.0,0.0,2,0.0,0.0
HASJAC,258.0,0.0,0.0,0.0,1,0.0,0.0
HAMPHI,258.0,0.0,0.0,0.0,1,0.0,0.0
VINTIM,251.98,0.0,0.0,0.0,1,0.0,0.0
GREGAVH,250.0,0.0,0.0,0.0,1,0.0,0.0
SALNATCP,250.0,0.0,0.0,0.0,2,0.0,0.0
SINSUN,249.97,119.99,129.98,0.0,2,-7.7,0.0
DEFEDWCOL1,248.0,0.0,0.0,0.0,1,0.0,0.0
GLOANT,246.76,0.0,0.0,0.0,1,0.0,0.0
CHINIC,246.0,28.0,154.0,0.0,2,-81.8,0.0
CRAJOH,245.78,0.0,0.0,0.0,1,0.0,0.0
SWATERR,245.0,0.0,0.0,0.0,1,0.0,0.0
BOSAND,245.0,0.0,0.0,0.0,1,0.0,0.0
GERGRE,245.0,0.0,0.0,0.0,1,0.0,0.0
GALPET,245.0,0.0,0.0,0.0,2,0.0,0.0
NEETERR,244.5,0.0,0.0,0.0,2,0.0,0.0
LEEJAYBILL,244.0,0.0,244.0,0.0,2,-100.0,0.0
JAVJAM,242.49,0.0,0.0,0.0,2,0.0,0.0
MUNART,240.0,0.0,0.0,0.0,2,0.0,0.0
CANMAR,240.0,0.0,0.0,0.0,1,0.0,0.0
WEBFM,240.0,0.0,0.0,0.0,1,0.0,0.0
VERVIN,240.0,0.0,0.0,0.0,1,0.0,0.0
PRILORBL,239.92,0.0,149.95,0.0,2,-100.0,0.0
LEEJIW,239.88,0.0,239.88,0.0,1,-100.0,0.0
MEYTHO,239.5,0.0,0.0,0.0,2,0.0,0.0
PALARONEWL,238.0,0.0,0.0,0.0,1,0.0,0.0
GUNDON,238.0,0.0,0.0,0.0,1,0.0,0.0
PAVAAR,237.75,0.0,0.0,0.0,1,0.0,0.0
RAITHO,237.0,0.0,0.0,0.0,3,0.0,0.0
SAEMUZ,233.94,0.0,0.0,0.0,2,0.0,0.0
KONJON,233.5,0.0,0.0,0.0,2,0.0,0.0
GARMAR,231.44,0.0,0.0,0.0,2,0.0,0.0
MIEANG,230.5,0.0,0.0,0.0,1,0.0,0.0
KICPET,229.0,0.0,0.0,0.0,2,0.0,0.0
SAFABACH,228.0,0.0,0.0,0.0,1,0.0,0.0
GROKONSCH,224.0,0.0,0.0,0.0,2,0.0,0.0
KERMAE,223.97,0.0,0.0,0.0,2,0.0,0.0
RANMIN,223.14,0.0,0.0,0.0,2,0.0,0.0
GORMIC,222.0,0.0,0.0,0.0,3,0.0,0.0
ROSRIC,221.0,0.0,0.0,0.0,2,0.0,0.0
CANJOH,221.0,0.0,0.0,0.0,2,0.0,0.0
PROLAB,220.0,0.0,0.0,0.0,1,0.0,0.0
MUEMAT,220.0,0.0,0.0,0.0,1,0.0,0.0
BICBRA,219.99,0.0,0.0,0.0,1,0.0,0.0
SZESHA,219.0,0.0,0.0,0.0,1,0.0,0.0
RODMAN,218.0,0.0,0.0,0.0,0,0.0,0.0
RINJOH,218.0,0.0,0.0,0.0,2,0.0,0.0
MOHKHA,218.0,0.0,0.0,0.0,1,0.0,0.0
MYRERN,216.87,0.0,0.0,0.0,1,0.0,0.0
VALIVA,216.0,0.0,0.0,0.0,1,0.0,0.0
TANFRA,215.5,0.0,0.0,0.0,1,0.0,0.0
PURJYO,214.5,0.0,0.0,0.0,1,0.0,0.0
QUIKAT,214.0,0.0,0.0,0.0,1,0.0,0.0
ZMIMIC,214.0,0.0,0.0,0.0,1,0.0,0.0
CANMIC,210.6,0.0,0.0,0.0,4,0.0,0.0
ALLMATT,210.0,0.0,0.0,0.0,1,0.0,0.0
GIBCHI,210.0,0.0,0.0,0.0,1,0.0,0.0
COLKEV,210.0,0.0,0.0,0.0,3,0.0,0.0
MOTFARFR,209.93,0.0,59.98,0.0,1,-100.0,0.0
RHOCAR,209.0,0.0,0.0,0.0,2,0.0,0.0
KEEEMISHE,208.0,0.0,0.0,0.0,1,0.0,0.0
TEROMI,207.0,0.0,0.0,0.0,1,0.0,0.0
PATSHERV,204.0,0.0,0.0,0.0,2,0.0,0.0
MACJOH,200.0,0.0,0.0,0.0,1,0.0,0.0
GOLDCAR,200.0,0.0,0.0,0.0,1,0.0,0.0
RODEAR,200.0,0.0,0.0,0.0,1,0.0,0.0
PPFONJEN,199.99,0.0,0.0,0.0,1,0.0,0.0
PAYMARCH,199.0,0.0,0.0,0.0,1,0.0,0.0
JOHGEO,199.0,0.0,0.0,0.0,1,0.0,0.0
MADABD,199.0,0.0,199.0,0.0,1,-100.0,0.0
KIMPET,198.0,0.0,0.0,0.0,1,0.0,0.0
SARJEF,198.0,0.0,0.0,0.0,2,0.0,0.0
AFGNAD,198.0,0.0,0.0,0.0,1,0.0,0.0
HORANT,198.0,0.0,0.0,0.0,2,0.0,0.0
YOUALE,197.25,0.0,0.0,0.0,2,0.0,0.0
MARJAMBOU,197.0,0.0,0.0,0.0,2,0.0,0.0
HICBRI,197.0,0.0,0.0,0.0,2,0.0,0.0
RAOCHALITH,195.5,0.0,0.0,0.0,2,0.0,0.0
KOTNIC,195.0,0.0,0.0,0.0,1,0.0,0.0
BAILAY,195.0,0.0,0.0,0.0,1,0.0,0.0
ROMJULWE,195.0,0.0,0.0,0.0,2,0.0,0.0
DOUBRI,195.0,0.0,195.0,0.0,2,-100.0,0.0
JELRAY,193.5,0.0,0.0,0.0,1,0.0,0.0
CHUKAB,193.5,0.0,0.0,0.0,2,0.0,0.0
DELMARNAP,190.0,0.0,0.0,0.0,2,0.0,0.0
SOHMUHLAK,190.0,0.0,76.0,0.0,1,-100.0,0.0
FRASCOOS,189.99,0.0,189.99,0.0,1,-100.0,0.0
SIGRIC,189.97,0.0,0.0,0.0,1,0.0,0.0
GARAND,189.5,0.0,0.0,0.0,3,0.0,0.0
PULJON,189.48000000000002,0.0,0.0,0.0,2,0.0,0.0
PALARO,189.0,0.0,0.0,0.0,1,0.0,0.0
VALHED,189.0,0.0,0.0,0.0,1,0.0,0.0
PASJIL,188.5,0.0,163.0,0.0,3,-100.0,0.0
COFCHR,187.0,0.0,0.0,0.0,1,0.0,0.0
WOOLOR,187.0,0.0,0.0,0.0,1,0.0,0.0
NAPSTE,186.97,0.0,0.0,0.0,1,0.0,0.0
ROHJAM,185.0,0.0,0.0,0.0,1,0.0,0.0
LOFCRI,185.0,0.0,0.0,0.0,1,0.0,0.0
KONKRI,184.0,0.0,0.0,0.0,2,0.0,0.0
FELROB,183.0,0.0,0.0,0.0,2,0.0,0.0
SHADIP,182.5,0.0,0.0,0.0,2,0.0,0.0
PAUMICBL,180.0,0.0,90.0,0.0,1,-100.0,0.0
CHAMEL,179.0,0.0,0.0,0.0,1,0.0,0.0
MALBLYN,179.0,0.0,0.0,0.0,1,0.0,0.0
JOSRAM,178.0,0.0,0.0,0.0,2,0.0,0.0
BUKMIC,177.41,0.0,132.41,0.0,2,-100.0,0.0
POGROG,177.0,0.0,0.0,0.0,1,0.0,0.0
RAMLAK,176.13,0.0,61.26,0.0,1,-100.0,0.0
MAYCHR,176.0,0.0,0.0,0.0,1,0.0,0.0
GUAGIL,175.0,0.0,0.0,0.0,1,0.0,0.0
TOKNIC,172.96,0.0,0.0,0.0,3,0.0,0.0
NEULAR,172.77,0.0,0.0,0.0,1,0.0,0.0
GIEALB,172.0,0.0,0.0,0.0,2,0.0,0.0
SANMAR,172.0,0.0,0.0,0.0,1,0.0,0.0
PATCHI,171.0,0.0,0.0,0.0,1,0.0,0.0
QUAFAT,171.0,0.0,0.0,0.0,1,0.0,0.0
JASMAR,171.0,0.0,0.0,0.0,1,0.0,0.0
CARSUS,170.0,0.0,0.0,0.0,1,0.0,0.0
PATULKPR,170.0,0.0,0.0,0.0,1,0.0,0.0
BAPJOS,170.0,0.0,129.0,0.0,2,-100.0,0.0
FLEPAT,169.5,0.0,0.0,0.0,2,0.0,0.0
SACWIL,169.0,0.0,0.0,0.0,1,0.0,0.0
VYAHAR,169.0,0.0,0.0,0.0,2,0.0,0.0
SPRTOD,169.0,0.0,0.0,0.0,1,0.0,0.0
DYMMICGL,168.0,0.0,0.0,0.0,2,0.0,0.0
SIMWIL,166.0,0.0,0.0,0.0,2,0.0,0.0
GIUKRI,165.0,0.0,0.0,0.0,1,0.0,0.0
BALJOH,165.0,0.0,0.0,0.0,1,0.0,0.0
VILGIL,165.0,0.0,165.0,0.0,1,-100.0,0.0
SABTRURO,164.99,164.99,0.0,0.0,1,0.0,0.0
AKBTABBB,163.0,0.0,0.0,0.0,1,0.0,0.0
SCHILAUR,161.5,0.0,0.0,0.0,2,0.0,0.0
MIJRON,160.0,0.0,0.0,0.0,1,0.0,0.0
LAPJEF,160.0,0.0,0.0,0.0,2,0.0,0.0
KAREMIOP,160.0,0.0,0.0,0.0,1,0.0,0.0
LIGLAU,159.98,0.0,0.0,0.0,1,0.0,0.0
LOPSARST,159.9,159.9,0.0,0.0,2,0.0,0.0
LAWSTE,159.14,0.0,49.0,0.0,3,-100.0,0.0
KHACAR,159.0,0.0,159.0,0.0,1,-100.0,0.0
PATSHEDO,159.0,0.0,159.0,0.0,1,-100.0,0.0
SOMPAU,159.0,0.0,0.0,0.0,1,0.0,0.0
REYEANN,158.75,0.0,0.0,0.0,2,0.0,0.0
NICVIN,155.0,0.0,0.0,0.0,1,0.0,0.0
COLANT,155.0,0.0,0.0,0.0,2,0.0,0.0
POTGAR,154.0,0.0,0.0,0.0,1,0.0,0.0
JANSAR,153.5,0.0,0.0,0.0,2,0.0,0.0
BADATTCH,152.5,0.0,0.0,0.0,2,0.0,0.0
PATELPIN,151.25,0.0,0.0,0.0,2,0.0,0.0
STROBDAN,151.0,0.0,0.0,0.0,1,0.0,0.0
WITJEF,151.0,0.0,0.0,0.0,3,0.0,0.0
SIMDAR,150.0,0.0,0.0,0.0,2,0.0,0.0
SCHLAUPR,150.0,0.0,0.0,0.0,1,0.0,0.0
BORTHO,149.0,0.0,0.0,0.0,1,0.0,0.0
SULBER,149.0,0.0,149.0,0.0,1,-100.0,0.0
SCHEGO,149.0,0.0,0.0,0.0,1,0.0,0.0
LEURINSV,149.0,0.0,0.0,0.0,1,0.0,0.0
FRETYS,148.0,0.0,0.0,0.0,2,0.0,0.0
SANHAR,147.5,0.0,0.0,0.0,1,0.0,0.0
MINMICGV,147.5,0.0,0.0,0.0,1,0.0,0.0
TUCELILV,147.5,0.0,0.0,0.0,2,0.0,0.0
OREBER,147.2,0.0,0.0,0.0,2,0.0,0.0
GUEJOH,147.0,0.0,0.0,0.0,0,0.0,0.0
SERERI,145.0,0.0,0.0,0.0,1,0.0,0.0
REETRA,145.0,0.0,0.0,0.0,1,0.0,0.0
SANJOS,145.0,0.0,0.0,0.0,1,0.0,0.0
BABCRI,145.0,0.0,0.0,0.0,2,0.0,0.0
CORAST,145.0,0.0,0.0,0.0,1,0.0,0.0
VICALL,145.0,0.0,0.0,0.0,1,0.0,0.0
GOOMER,145.0,0.0,0.0,0.0,1,0.0,0.0
KONJONCLY,145.0,0.0,0.0,0.0,1,0.0,0.0
MURPET,142.5,0.0,0.0,0.0,1,0.0,0.0
OHSUZI,140.0,0.0,0.0,0.0,1,0.0,0.0
FOLDAN,140.0,0.0,0.0,0.0,2,0.0,0.0
AKHJOS,140.0,0.0,0.0,0.0,1,0.0,0.0
TADSIM,139.98,69.99,69.99,0.0,2,0.0,0.0
HLOTHO,139.5,0.0,0.0,0.0,2,0.0,0.0
HANJOO,139.5,0.0,0.0,0.0,1,0.0,0.0
HOFRIC,139.0,0.0,0.0,0.0,1,0.0,0.0
NAJAHM,139.0,0.0,0.0,0.0,2,0.0,0.0
HOFJAM,139.0,0.0,0.0,0.0,1,0.0,0.0
CAVMAR,139.0,0.0,0.0,0.0,1,0.0,0.0
MOHSUH,139.0,0.0,0.0,0.0,1,0.0,0.0
BIESUS,138.0,0.0,0.0,0.0,1,0.0,0.0
PATELRITA,137.0,0.0,0.0,0.0,2,0.0,0.0
SLAMICHOM,136.0,0.0,0.0,0.0,1,0.0,0.0
DURAUG,136.0,0.0,0.0,0.0,1,0.0,0.0
MASJOHVT,135.4,0.0,0.0,0.0,1,0.0,0.0
ELKHAL,135.0,0.0,0.0,0.0,2,0.0,0.0
GORJOH,135.0,0.0,0.0,0.0,1,0.0,0.0
JANJO,135.0,0.0,0.0,0.0,1,0.0,0.0
PONKAY,134.99,0.0,0.0,0.0,1,0.0,0.0
DIFLIN,134.0,0.0,0.0,0.0,1,0.0,0.0
MALTHO,130.5,0.0,0.0,0.0,3,0.0,0.0
GENLAR2,130.24,0.0,0.0,0.0,3,0.0,0.0
GOEDUS,130.0,0.0,0.0,0.0,1,0.0,0.0
KAPSTE,130.0,0.0,0.0,0.0,1,0.0,0.0
BERDERCP,130.0,130.0,0.0,0.0,2,0.0,0.0
JUMESA,130.0,0.0,0.0,0.0,1,0.0,0.0
WALGEO,129.0,0.0,0.0,0.0,3,0.0,0.0
KAMTHO,129.0,0.0,129.0,0.0,1,-100.0,0.0
KYLAUD,129.0,129.0,0.0,0.0,1,0.0,0.0
BARKAT,128.7,0.0,0.0,0.0,1,0.0,0.0
STAROBT,127.5,0.0,0.0,0.0,1,0.0,0.0
BOUANIDG,125.3,0.0,0.0,0.0,2,0.0,0.0
CANMICD1,125.0,0.0,0.0,0.0,1,0.0,0.0
MARAUSNP,125.0,0.0,0.0,0.0,1,0.0,0.0
ZHUYING,125.0,0.0,0.0,0.0,1,0.0,0.0
ATAMUN,125.0,0.0,0.0,0.0,1,0.0,0.0
SPEHOW,125.0,0.0,0.0,0.0,1,0.0,0.0
LAYREE,124.0,0.0,0.0,0.0,1,0.0,0.0
KAKJAM,124.0,0.0,0.0,0.0,2,0.0,0.0
KENKAT,123.0,0.0,0.0,0.0,2,0.0,0.0
CONPHI,122.5,0.0,0.0,0.0,1,0.0,0.0
TONAMY,122.5,0.0,0.0,0.0,1,0.0,0.0
MCMRAY,122.5,0.0,0.0,0.0,1,0.0,0.0
MACHAZ,121.25,0.0,0.0,0.0,3,0.0,0.0
KYIMIC,121.0,0.0,0.0,0.0,1,0.0,0.0
LOUSERVV,120.96000000000001,0.0,0.0,0.0,2,0.0,0.0
SEIVAL,120.0,0.0,0.0,0.0,1,0.0,0.0
KOSEWAMP,120.0,0.0,0.0,0.0,1,0.0,0.0
DEFERI,120.0,0.0,0.0,0.0,0,0.0,0.0
BAJJAS,120.0,0.0,0.0,0.0,1,0.0,0.0
JOYALEMO,119.99,0.0,119.99,0.0,1,-100.0,0.0
OWERAE,119.99,0.0,119.99,0.0,1,-100.0,0.0
LIPJAM,119.8,0.0,0.0,0.0,1,0.0,0.0
NATKEV,119.0,0.0,0.0,0.0,1,0.0,0.0
ANDKRICP,119.0,0.0,0.0,0.0,1,0.0,0.0
RYATHO,119.0,0.0,0.0,0.0,2,0.0,0.0
NEWAMY,119.0,0.0,0.0,0.0,1,0.0,0.0
PATRAJBD,119.0,0.0,0.0,0.0,2,0.0,0.0
BLOERI,118.5,0.0,0.0,0.0,2,0.0,0.0
NGUDAV,118.0,0.0,0.0,0.0,1,0.0,0.0
NOLMIC,117.0,0.0,0.0,0.0,2,0.0,0.0
AKHNID,116.5,0.0,0.0,0.0,2,0.0,0.0
WADTAM,115.0,0.0,0.0,0.0,1,0.0,0.0
KOSALF,115.0,0.0,0.0,0.0,1,0.0,0.0
GEOSHE,115.0,0.0,0.0,0.0,1,0.0,0.0
POTJAM,115.0,0.0,0.0,0.0,1,0.0,0.0
KELROBTX,114.94,0.0,0.0,0.0,1,0.0,0.0
DISJAM,114.0,0.0,0.0,0.0,3,0.0,0.0
SKUSAM,113.64,0.0,0.0,0.0,1,0.0,0.0
SPRROB,112.0,0.0,0.0,0.0,1,0.0,0.0
MANMATJ,112.0,0.0,0.0,0.0,1,0.0,0.0
HOGMAR,111.5,0.0,0.0,0.0,2,0.0,0.0
BOVJOH,111.0,0.0,0.0,0.0,2,0.0,0.0
SOHMUHLA,110.99,69.99,0.0,0.0,2,0.0,0.0
SHASOB,110.5,0.0,0.0,0.0,1,0.0,0.0
TEJDIM,110.0,0.0,0.0,0.0,1,0.0,0.0
CZADAN,110.0,0.0,0.0,0.0,2,0.0,0.0
PHEJAM,110.0,0.0,0.0,0.0,2,0.0,0.0
PASKARPH,110.0,0.0,0.0,0.0,1,0.0,0.0
LODPETAUR,110.0,0.0,0.0,0.0,2,0.0,0.0
IWAIWO,110.0,110.0,0.0,0.0,1,0.0,0.0
TINMAR,109.0,0.0,0.0,0.0,2,0.0,0.0
FERRIC,109.0,0.0,0.0,0.0,1,0.0,0.0
SHATIM,108.0,0.0,0.0,0.0,1,0.0,0.0
ENAHORBF,106.5,0.0,0.0,0.0,1,0.0,0.0
DOHANT,106.5,0.0,0.0,0.0,1,0.0,0.0
DELMARPF,106.5,0.0,0.0,0.0,1,0.0,0.0
BENWIL,106.5,0.0,0.0,0.0,1,0.0,0.0
BOIPRIHI,105.99,0.0,0.0,0.0,1,0.0,0.0
WINADMHIN,105.0,0.0,0.0,0.0,0,0.0,0.0
MATJOSBL,105.0,0.0,0.0,0.0,1,0.0,0.0
LIGJOC,105.0,0.0,0.0,0.0,2,0.0,0.0
DABHAZ,105.0,0.0,0.0,0.0,1,0.0,0.0
SAJMOH,105.0,0.0,0.0,0.0,1,0.0,0.0
KONVUS,105.0,0.0,0.0,0.0,1,0.0,0.0
MALKEV,104.85,27.96,62.91,0.0,1,-55.6,0.0
SURMAN,104.0,0.0,0.0,0.0,1,0.0,0.0
BLENOW,104.0,0.0,0.0,0.0,2,0.0,0.0
ESCKEV,104.0,0.0,0.0,0.0,1,0.0,0.0
RYAKEV,103.5,0.0,0.0,0.0,1,0.0,0.0
GRECHR,103.5,0.0,0.0,0.0,1,0.0,0.0
HOHDON,103.0,0.0,0.0,0.0,2,0.0,0.0
CATFRA,102.75,0.0,0.0,0.0,1,0.0,0.0
KMADANMUN,101.5,0.0,0.0,0.0,2,0.0,0.0
VASBRE,101.0,0.0,0.0,0.0,3,0.0,0.0
HERCAR,100.0,0.0,50.0,0.0,1,-100.0,0.0
HANNID,100.0,0.0,0.0,0.0,1,0.0,0.0
MUIGEO,100.0,0.0,0.0,0.0,1,0.0,0.0
RECERI,100.0,0.0,0.0,0.0,1,0.0,0.0
SOHMUHOP,100.0,0.0,100.0,0.0,1,-100.0,0.0
MICANT,99.25,0.0,0.0,0.0,2,0.0,0.0
ZAITABWM,99.0,0.0,0.0,0.0,1,0.0,0.0
DELCAR,99.0,0.0,0.0,0.0,1,0.0,0.0
CHRSCOAH,99.0,0.0,0.0,0.0,2,0.0,0.0
NAGRUC,98.0,0.0,0.0,0.0,1,0.0,0.0
ROMGIU,98.0,0.0,0.0,0.0,1,0.0,0.0
JAGSAM,98.0,0.0,98.0,0.0,1,-100.0,0.0
REGNORNA,98.0,0.0,0.0,0.0,1,0.0,0.0
KILHALAH,97.86,41.94,27.96,0.0,1,50.0,0.0
GOLIRA,96.0,0.0,0.0,0.0,2,0.0,0.0
WAXARN,95.5,0.0,0.0,0.0,2,0.0,0.0
PISNIC,95.5,0.0,0.0,0.0,1,0.0,0.0
LAUKAT,95.33,0.0,0.0,0.0,0,0.0,0.0
MCCKEN,95.0,0.0,0.0,0.0,1,0.0,0.0
TAMSET,95.0,0.0,0.0,0.0,3,0.0,0.0
LACMAT,94.5,0.0,0.0,0.0,2,0.0,0.0
EBYSTA,94.5,0.0,0.0,0.0,1,0.0,0.0
OFLPAT,92.5,0.0,0.0,0.0,2,0.0,0.0
PERJON,92.0,0.0,0.0,0.0,1,0.0,0.0
JAHSOM,91.25,0.0,0.0,0.0,1,0.0,0.0
SIRNAT,91.0,0.0,0.0,0.0,2,0.0,0.0
CURDAVHA,91.0,0.0,0.0,0.0,2,0.0,0.0
BECWIL,91.0,0.0,0.0,0.0,3,0.0,0.0
ARASIL,90.0,0.0,0.0,0.0,2,0.0,0.0
FITZMIC,90.0,0.0,0.0,0.0,1,0.0,0.0
BENVAL,89.5,0.0,0.0,0.0,1,0.0,0.0
DERJAM,89.0,0.0,0.0,0.0,3,0.0,0.0
THESTE,89.0,0.0,0.0,0.0,1,0.0,0.0
MURMAR,89.0,0.0,89.0,0.0,1,-100.0,0.0
MURJEA,89.0,0.0,0.0,0.0,1,0.0,0.0
MALJAM,88.44,0.0,0.0,0.0,1,0.0,0.0
FRACARD,87.5,0.0,0.0,0.0,2,0.0,0.0
ESCVIC,86.0,0.0,0.0,0.0,0,0.0,0.0
RICNEI,86.0,0.0,0.0,0.0,1,0.0,0.0
MCKBYR,86.0,0.0,0.0,0.0,1,0.0,0.0
UHRJOS,86.0,0.0,0.0,0.0,1,0.0,0.0
BRELEO,85.0,0.0,0.0,0.0,2,0.0,0.0
TRIPAY,85.0,0.0,0.0,0.0,2,0.0,0.0
SCHSTEEG,85.0,0.0,0.0,0.0,2,0.0,0.0
DUGSWE,85.0,0.0,0.0,0.0,2,0.0,0.0
BRAPAT,85.0,0.0,0.0,0.0,1,0.0,0.0
DYOKIM,85.0,0.0,0.0,0.0,1,0.0,0.0
SCHCONBE,85.0,0.0,0.0,0.0,1,0.0,0.0
FAUJOH,84.0,0.0,0.0,0.0,0,0.0,0.0
GOEPAN,83.88,27.96,48.93,0.0,1,-42.9,0.0
ROGJOS,83.2,0.0,0.0,0.0,1,0.0,0.0
GIAEUG,82.99,0.0,0.0,0.0,2,0.0,0.0
GEORAC,82.0,0.0,0.0,0.0,1,0.0,0.0
LARCLA,82.0,0.0,0.0,0.0,1,0.0,0.0
STEGRE,81.92,0.0,0.0,0.0,1,0.0,0.0
PALANT,81.5,0.0,0.0,0.0,1,0.0,0.0
MARJEAPF,81.0,0.0,0.0,0.0,1,0.0,0.0
BALALE,81.0,0.0,0.0,0.0,1,0.0,0.0
RUGNIC,80.6,0.0,0.0,0.0,1,0.0,0.0
CANBEN,80.0,0.0,0.0,0.0,1,0.0,0.0
KINDAN,79.5,0.0,0.0,0.0,1,0.0,0.0
BAKRUS,79.0,0.0,0.0,0.0,2,0.0,0.0
MANMAROP,79.0,0.0,0.0,0.0,1,0.0,0.0
SOBPAT,78.0,0.0,0.0,0.0,1,0.0,0.0
CHUSTE,78.0,0.0,0.0,0.0,1,0.0,0.0
ROUFAD,78.0,0.0,0.0,0.0,1,0.0,0.0
CHAKIM,76.0,0.0,0.0,0.0,1,0.0,0.0
ZOMSAH,76.0,0.0,0.0,0.0,0,0.0,0.0
BLAPAT,76.0,0.0,0.0,0.0,2,0.0,0.0
RUEMICRV,76.0,0.0,0.0,0.0,2,0.0,0.0
PAYJOS,75.0,0.0,0.0,0.0,1,0.0,0.0
LOGSCO,75.0,0.0,0.0,0.0,1,0.0,0.0
CAPPAU,75.0,0.0,0.0,0.0,2,0.0,0.0
AMIMUT,75.0,0.0,0.0,0.0,1,0.0,0.0
BARMEEAR,75.0,0.0,0.0,0.0,2,0.0,0.0
THOJAS,75.0,0.0,0.0,0.0,1,0.0,0.0
BENRON,75.0,0.0,0.0,0.0,1,0.0,0.0
HAMMAT,74.1,0.0,0.0,0.0,2,0.0,0.0
CHIJAM,73.0,0.0,0.0,0.0,2,0.0,0.0
SLAMICCS,72.5,0.0,0.0,0.0,2,0.0,0.0
MARJAC,72.0,0.0,0.0,0.0,1,0.0,0.0
SAWMAH,72.0,0.0,0.0,0.0,1,0.0,0.0
FLYKAR,72.0,0.0,0.0,0.0,1,0.0,0.0
MANTHOCH,72.0,0.0,0.0,0.0,1,0.0,0.0
SANDEN,72.0,0.0,0.0,0.0,1,0.0,0.0
BORDEMNV,70.0,0.0,0.0,0.0,1,0.0,0.0
SUPSUS,70.0,0.0,0.0,0.0,1,0.0,0.0
BOGMIH,70.0,0.0,0.0,0.0,2,0.0,0.0
MARMARSL,69.5,0.0,0.0,0.0,1,0.0,0.0
PATAMI,69.0,0.0,0.0,0.0,1,0.0,0.0
GALWIL,69.0,0.0,0.0,0.0,1,0.0,0.0
WEGTHO,69.0,0.0,0.0,0.0,1,0.0,0.0
TAYLIL,69.0,0.0,0.0,0.0,1,0.0,0.0
SKIEMI,69.0,0.0,0.0,0.0,1,0.0,0.0
PPSTOMAR,69.0,0.0,0.0,0.0,1,0.0,0.0
MASJOH,68.75,0.0,0.0,0.0,2,0.0,0.0
KACTHO,68.0,0.0,0.0,0.0,1,0.0,0.0
SMILESHOPE,68.0,0.0,0.0,0.0,1,0.0,0.0
CERMIC,67.76,0.0,0.0,0.0,1,0.0,0.0
LOWWIL,67.0,0.0,0.0,0.0,1,0.0,0.0
MULJEN,65.5,0.0,0.0,0.0,1,0.0,0.0
LOPEST,65.0,0.0,0.0,0.0,1,0.0,0.0
JUDKEI,65.0,0.0,0.0,0.0,1,0.0,0.0
SCHERI,65.0,0.0,0.0,0.0,1,0.0,0.0
HOLRIC,65.0,0.0,0.0,0.0,1,0.0,0.0
AUSMIC,65.0,65.0,0.0,0.0,1,0.0,0.0
MONMARNV,64.0,0.0,0.0,0.0,1,0.0,0.0
COLCHR,63.0,0.0,0.0,0.0,2,0.0,0.0
BEADAVALP,62.45,0.0,0.0,0.0,1,0.0,0.0
EATJEF,61.0,0.0,0.0,0.0,1,0.0,0.0
PARAAR,60.64,0.0,0.0,0.0,2,0.0,0.0
SIMSOO,60.0,0.0,0.0,0.0,1,0.0,0.0
SHAREN,60.0,0.0,0.0,0.0,1,0.0,0.0
INCFRA,60.0,0.0,0.0,0.0,1,0.0,0.0
LAGRIC,60.0,0.0,0.0,0.0,1,0.0,0.0
YONDIYMO,60.0,0.0,0.0,0.0,1,0.0,0.0
PATAME,60.0,30.0,0.0,0.0,2,0.0,0.0
PARKRU,60.0,0.0,0.0,0.0,1,0.0,0.0
ZIEELI,59.98,29.99,29.99,0.0,1,0.0,0.0
CAICAR,59.96,59.96,0.0,0.0,1,0.0,0.0
MIKTHO,59.0,0.0,0.0,0.0,1,0.0,0.0
CARPAT,59.0,0.0,0.0,0.0,2,0.0,0.0
SIMAUDAL,59.0,0.0,0.0,0.0,2,0.0,0.0
DAVMAR,59.0,0.0,0.0,0.0,1,0.0,0.0
KAPJOR,59.0,0.0,0.0,0.0,2,0.0,0.0
BELDAV,59.0,0.0,0.0,0.0,1,0.0,0.0
NESING,59.0,0.0,0.0,0.0,1,0.0,0.0
CULTAR,58.5,0.0,0.0,0.0,2,0.0,0.0
JANJEF,58.5,0.0,0.0,0.0,2,0.0,0.0
SIMDWI,58.0,0.0,0.0,0.0,1,0.0,0.0
ANSINN,58.0,0.0,0.0,0.0,1,0.0,0.0
ALMMOH,56.5,0.0,0.0,0.0,2,0.0,0.0
HUDJAM,56.0,0.0,0.0,0.0,2,0.0,0.0
OBEGARDHB,56.0,0.0,0.0,0.0,1,0.0,0.0
RIEMARIN,56.0,0.0,0.0,0.0,0,0.0,0.0
RODAMY,55.42,0.0,0.0,0.0,2,0.0,0.0
DANROB,55.0,0.0,0.0,0.0,1,0.0,0.0
PURRAJ,55.0,0.0,0.0,0.0,1,0.0,0.0
JANSARVA,55.0,0.0,0.0,0.0,1,0.0,0.0
PONPAU,55.0,0.0,0.0,0.0,2,0.0,0.0
WADPOO,55.0,0.0,0.0,0.0,1,0.0,0.0
PAYMAR,55.0,0.0,0.0,0.0,1,0.0,0.0
GELASHBG,55.0,0.0,0.0,0.0,1,0.0,0.0
KROKEN,54.5,0.0,0.0,0.0,1,0.0,0.0
PECCHA,54.0,0.0,54.0,0.0,1,-100.0,0.0
KOVMAR,52.5,0.0,0.0,0.0,3,0.0,0.0
BOYCAR,52.5,0.0,0.0,0.0,1,0.0,0.0
FULJAMKE,50.0,0.0,0.0,0.0,1,0.0,0.0
WOLWIL,50.0,0.0,0.0,0.0,1,0.0,0.0
BRATHE,50.0,0.0,0.0,0.0,2,0.0,0.0
BOTCOU,50.0,0.0,0.0,0.0,1,0.0,0.0
BLAMAR,50.0,0.0,0.0,0.0,1,0.0,0.0
DAVROBFR,50.0,0.0,0.0,0.0,1,0.0,0.0
SHUPUN,50.0,0.0,0.0,0.0,1,0.0,0.0
MAZANN,50.0,0.0,0.0,0.0,1,0.0,0.0
GUPKAV,50.0,0.0,0.0,0.0,1,0.0,0.0
OPHKAROF,49.75,0.0,0.0,0.0,1,0.0,0.0
MARKIL,49.0,0.0,0.0,0.0,1,0.0,0.0
GRABEN,49.0,0.0,49.0,0.0,1,-100.0,0.0
RAUADA,49.0,0.0,0.0,0.0,1,0.0,0.0
MACCHA,49.0,0.0,0.0,0.0,1,0.0,0.0
WARAJM,48.75,0.0,0.0,0.0,1,0.0,0.0
REDDEB,48.0,0.0,0.0,0.0,1,0.0,0.0
DELOMAR,47.9,0.0,0.0,0.0,2,0.0,0.0
VICHEN,47.5,0.0,0.0,0.0,1,0.0,0.0
KIBCAR,47.5,0.0,0.0,0.0,1,0.0,0.0
APPJOELG,46.47,0.0,0.0,0.0,1,0.0,0.0
PARRIC,46.0,0.0,0.0,0.0,2,0.0,0.0
LEVSHICH,46.0,0.0,0.0,0.0,1,0.0,0.0
PATNIS,45.99,45.99,0.0,0.0,1,0.0,0.0
SALNIC,45.5,0.0,0.0,0.0,1,0.0,0.0
SIMMIC,45.0,0.0,0.0,0.0,1,0.0,0.0
SUTBOZLV,45.0,0.0,0.0,0.0,1,0.0,0.0
CAHJAM,45.0,0.0,0.0,0.0,1,0.0,0.0
KEEBAR,44.0,0.0,0.0,0.0,1,0.0,0.0
SHAMUZ,42.5,0.0,0.0,0.0,1,0.0,0.0
SKEKEL,42.5,0.0,0.0,0.0,1,0.0,0.0
LYNSHERF,42.25,0.0,0.0,0.0,3,0.0,0.0
SHASTE,41.52,0.0,0.0,0.0,0,0.0,0.0
BLAMAT,41.25,0.0,0.0,0.0,2,0.0,0.0
BENJEF,41.25,0.0,0.0,0.0,1,0.0,0.0
IWAAGG,41.0,10.25,0.0,0.0,1,0.0,0.0
RAIMAN,41.0,20.5,20.5,0.0,1,0.0,0.0
WILMEL,40.5,0.0,0.0,0.0,1,0.0,0.0
KOUKEI2,40.0,0.0,0.0,0.0,1,0.0,0.0
JONDON,40.0,0.0,0.0,0.0,1,0.0,0.0
CEPDAL,40.0,0.0,0.0,0.0,0,0.0,0.0
JUMESAHL,40.0,0.0,0.0,0.0,1,0.0,0.0
ATTWASCARL,40.0,0.0,0.0,0.0,1,0.0,0.0
GALAND,40.0,0.0,0.0,0.0,1,0.0,0.0
HANPATSK,40.0,0.0,0.0,0.0,2,0.0,0.0
WODTHO,40.0,0.0,0.0,0.0,1,0.0,0.0
PETBRY,40.0,0.0,0.0,0.0,3,0.0,0.0
BALSTE,40.0,0.0,0.0,0.0,1,0.0,0.0
BRADAN,39.96,0.0,39.96,0.0,2,-100.0,0.0
KUMAGN,39.79,0.0,0.0,0.0,1,0.0,0.0
JOHMICOH,39.0,0.0,0.0,0.0,2,0.0,0.0
SNOCHR,39.0,0.0,0.0,0.0,1,0.0,0.0
SHEMIC,38.5,0.0,0.0,0.0,1,0.0,0.0
LASNIK,38.5,0.0,0.0,0.0,0,0.0,0.0
GREDAN,38.0,0.0,0.0,0.0,2,0.0,0.0
JOVPAU,38.0,0.0,0.0,0.0,0,0.0,0.0
ISARIC,38.0,0.0,0.0,0.0,1,0.0,0.0
FACRICPH,38.0,0.0,38.0,0.0,1,-100.0,0.0
FISSTECH,38.0,0.0,0.0,0.0,1,0.0,0.0
TEJTJ,37.5,0.0,0.0,0.0,1,0.0,0.0
WOLROB,37.0,0.0,0.0,0.0,2,0.0,0.0
MESJOR,36.0,0.0,0.0,0.0,0,0.0,0.0
TREROBWES,36.0,0.0,0.0,0.0,2,0.0,0.0
TOPGOR,36.0,0.0,0.0,0.0,1,0.0,0.0
MILSTE,36.0,0.0,0.0,0.0,0,0.0,0.0
WILPET,36.0,0.0,0.0,0.0,1,0.0,0.0
GRAVICHIN,35.0,0.0,0.0,0.0,2,0.0,0.0
PATAMIPA,35.0,15.0,20.0,0.0,1,-25.0,0.0
KOWKARDG,35.0,0.0,0.0,0.0,2,0.0,0.0
ENGDENEL,35.0,0.0,0.0,0.0,1,0.0,0.0
MADJFRA,35.0,0.0,0.0,0.0,1,0.0,0.0
WILDER,35.0,0.0,0.0,0.0,2,0.0,0.0
PATSHIBV,35.0,0.0,0.0,0.0,1,0.0,0.0
HATUZM,35.0,0.0,0.0,0.0,1,0.0,0.0
PISIRE,35.0,0.0,0.0,0.0,1,0.0,0.0
CANMICMON,35.0,0.0,0.0,0.0,1,0.0,0.0
ZIEFRE,34.0,0.0,0.0,0.0,1,0.0,0.0
HENKAY,34.0,0.0,0.0,0.0,1,0.0,0.0
ADASHA,34.0,0.0,0.0,0.0,1,0.0,0.0
HILEMLBUR,34.0,0.0,0.0,0.0,2,0.0,0.0
MOHSHA,34.0,0.0,0.0,0.0,2,0.0,0.0
COSERN,34.0,0.0,0.0,0.0,1,0.0,0.0
SALNATRV,34.0,0.0,0.0,0.0,1,0.0,0.0
BARSER,33.75,0.0,0.0,0.0,2,0.0,0.0
PAVCHR,32.0,0.0,0.0,0.0,1,0.0,0.0
GOMKEN,32.0,0.0,0.0,0.0,1,0.0,0.0
MANEDW,32.0,0.0,0.0,0.0,1,0.0,0.0
FAIMATSTCH,32.0,0.0,0.0,0.0,2,0.0,0.0
ALIOMA,30.75,0.0,0.0,0.0,1,0.0,0.0
CRATHO,30.3,0.0,0.0,0.0,3,0.0,0.0
PATKRURO,30.0,0.0,30.0,0.0,1,-100.0,0.0
BAPBENNR,30.0,30.0,0.0,0.0,2,0.0,0.0
PATDEERV,30.0,0.0,0.0,0.0,1,0.0,0.0
GERJOH,30.0,0.0,0.0,0.0,1,0.0,0.0
COLKRI,30.0,0.0,0.0,0.0,1,0.0,0.0
ZAITAB,30.0,0.0,0.0,0.0,1,0.0,0.0
MANEDWLD,30.0,0.0,0.0,0.0,1,0.0,0.0
REZPAY,30.0,0.0,0.0,0.0,2,0.0,0.0
YURMATMO,29.99,0.0,0.0,0.0,1,0.0,0.0
SONBRIWIL,29.0,0.0,0.0,0.0,1,0.0,0.0
CHOKRI,29.0,0.0,0.0,0.0,1,0.0,0.0
HAMCAT,29.0,0.0,0.0,0.0,1,0.0,0.0
KUCWIL,28.16,0.0,0.0,0.0,2,0.0,0.0
THADEVJOL,28.0,0.0,0.0,0.0,1,0.0,0.0
RHIDEB,28.0,0.0,28.0,0.0,1,-100.0,0.0
PULALIEL,28.0,0.0,0.0,0.0,1,0.0,0.0
KASMARWILM,28.0,0.0,0.0,0.0,1,0.0,0.0
ROBRAL,27.98,0.0,0.0,0.0,1,0.0,0.0
KILHAL,27.96,27.96,0.0,0.0,1,0.0,0.0
MORSCO,27.5,0.0,0.0,0.0,0,0.0,0.0
BRACAR,27.5,0.0,0.0,0.0,1,0.0,0.0
KHASHO,27.0,0.0,0.0,0.0,1,0.0,0.0
PATDEE,27.0,0.0,0.0,0.0,1,0.0,0.0
COUWIL,27.0,0.0,0.0,0.0,1,0.0,0.0
OCODER,26.96,0.0,0.0,0.0,1,0.0,0.0
PATKINPH,26.0,0.0,0.0,0.0,2,0.0,0.0
SYLCOL,25.5,0.0,0.0,0.0,1,0.0,0.0
VILROS,25.5,0.0,0.0,0.0,1,0.0,0.0
ADEKAV,25.0,0.0,0.0,0.0,1,0.0,0.0
PATKAVCHI,25.0,0.0,0.0,0.0,2,0.0,0.0
DELDEA,25.0,0.0,0.0,0.0,1,0.0,0.0
PAFJEF,25.0,0.0,0.0,0.0,1,0.0,0.0
VERANI,25.0,0.0,0.0,0.0,1,0.0,0.0
LARBRYSCO,25.0,0.0,0.0,0.0,1,0.0,0.0
KAUHAR,25.0,15.0,10.0,10.0,2,50.0,66.67
PARMAU,25.0,0.0,0.0,0.0,1,0.0,0.0
FARCHR,25.0,0.0,0.0,0.0,1,0.0,0.0
PIEROB,25.0,0.0,0.0,0.0,1,0.0,0.0
WALCOR,24.73,0.0,0.0,0.0,2,0.0,0.0
SAOMICLAP1,24.5,0.0,0.0,0.0,1,0.0,0.0
VELSAN,24.0,0.0,0.0,0.0,1,0.0,0.0
SLOSAR,24.0,0.0,0.0,0.0,1,0.0,0.0
LINKEL,24.0,0.0,0.0,0.0,0,0.0,0.0
ROSDER,24.0,0.0,0.0,0.0,0,0.0,0.0
MOOMIC,24.0,0.0,0.0,0.0,2,0.0,0.0
GOLBRU,24.0,0.0,0.0,0.0,0,0.0,0.0
GOORIC,24.0,0.0,0.0,0.0,1,0.0,0.0
DERFRA,24.0,0.0,0.0,0.0,0,0.0,0.0
CLAMAT,24.0,0.0,0.0,0.0,0,0.0,0.0
PATPARCHG,24.0,0.0,0.0,0.0,2,0.0,0.0
LEEJON,24.0,0.0,0.0,0.0,1,0.0,0.0
KOMCAI,23.96,0.0,0.0,0.0,1,0.0,0.0
BOVJOHW,22.5,0.0,0.0,0.0,1,0.0,0.0
WALBRI,22.5,0.0,0.0,0.0,2,0.0,0.0
PALMIG,22.0,0.0,0.0,0.0,2,0.0,0.0
CABDOU,21.5,0.0,0.0,0.0,1,0.0,0.0
JOHDEN,21.25,0.0,0.0,0.0,1,0.0,0.0
ABDANA,21.0,0.0,0.0,0.0,1,0.0,0.0
RUBJOSNAP,20.5,0.0,0.0,0.0,1,0.0,0.0
MOOBRI,20.5,0.0,0.0,0.0,1,0.0,0.0
GREGAVJ,20.5,0.0,0.0,0.0,1,0.0,0.0
ROGNIC,20.0,0.0,0.0,0.0,2,0.0,0.0
PARAYE,20.0,0.0,0.0,0.0,1,0.0,0.0
CHALAU,20.0,0.0,0.0,0.0,1,0.0,0.0
POSLIN,20.0,0.0,0.0,0.0,1,0.0,0.0
GOLCERDEN,20.0,0.0,0.0,0.0,1,0.0,0.0
DARNAT,20.0,0.0,20.0,0.0,1,-100.0,0.0
MCCFAM,20.0,0.0,0.0,0.0,2,0.0,0.0
LYNSHE,20.0,0.0,0.0,0.0,1,0.0,0.0
MAZANNFF,20.0,0.0,0.0,0.0,1,0.0,0.0
BALSAMWH,20.0,0.0,0.0,0.0,1,0.0,0.0
HANLIN,19.96,0.0,0.0,0.0,1,0.0,0.0
DELTHO,19.65,0.0,0.0,0.0,1,0.0,0.0
LINPHI,19.25,0.0,0.0,0.0,2,0.0,0.0
ILYIRF,19.0,0.0,0.0,0.0,1,0.0,0.0
NUGTIM,19.0,0.0,0.0,0.0,0,0.0,0.0
SIVINT,19.0,0.0,0.0,0.0,1,0.0,0.0
MANGEOOB,19.0,0.0,0.0,0.0,1,0.0,0.0
PATAKA,19.0,0.0,0.0,0.0,0,0.0,0.0
CHADOU,19.0,0.0,0.0,0.0,0,0.0,0.0
LEEGRA,19.0,0.0,0.0,0.0,0,0.0,0.0
WREWAL,19.0,0.0,0.0,0.0,2,0.0,0.0
DIEAAR,18.98,0.0,0.0,0.0,1,0.0,0.0
SMIJAM,18.49,0.0,0.0,0.0,1,0.0,0.0
SARDEMCHI,18.0,0.0,0.0,0.0,1,0.0,0.0
NOSRIC,18.0,0.0,0.0,0.0,1,0.0,0.0
MAARUB,17.97,0.0,0.0,0.0,1,0.0,0.0
AMJJUW,17.97,0.0,0.0,0.0,1,0.0,0.0
LAWNCHRHL,17.5,0.0,0.0,0.0,1,0.0,0.0
VINSHY,17.4,9.0,0.0,0.0,1,0.0,0.0
A-1DENTAL,16.87,0.0,0.0,0.0,1,0.0,0.0
PETDAVIN,16.5,0.0,0.0,0.0,1,0.0,0.0
DELMARWR,16.5,0.0,0.0,0.0,1,0.0,0.0
CRUAAR,16.0,0.0,0.0,0.0,1,0.0,0.0
BIBGUY,15.0,0.0,0.0,0.0,2,0.0,0.0
VANANG,14.99,0.0,0.0,0.0,1,0.0,0.0
KOLANN,14.97,0.0,0.0,0.0,1,0.0,0.0
WISBRA,14.48,0.0,0.0,0.0,1,0.0,0.0
THADEVOL,14.1,0.0,0.0,0.0,2,0.0,0.0
LASJEN,14.0,0.0,0.0,0.0,0,0.0,0.0
LEEJAYRV,14.0,0.0,14.0,0.0,1,-100.0,0.0
ROSMELCH,14.0,0.0,14.0,0.0,1,-100.0,0.0
SIMPAT,13.75,0.0,0.0,0.0,1,0.0,0.0
MARAUS,13.75,0.0,0.0,0.0,1,0.0,0.0
BOIPRI,13.75,0.0,0.0,0.0,1,0.0,0.0
DOMSIR,13.75,13.75,0.0,0.0,1,0.0,0.0
MITJAM,13.5,0.0,0.0,0.0,1,0.0,0.0
RATFRE,13.5,0.0,0.0,0.0,1,0.0,0.0
SHEMICH,13.5,0.0,0.0,0.0,1,0.0,0.0
KIMJON,13.0,0.0,0.0,0.0,1,0.0,0.0
ROSANTSL,12.5,0.0,0.0,0.0,1,0.0,0.0
MENGEN,12.5,0.0,0.0,0.0,2,0.0,0.0
PAPRAC,12.5,0.0,0.0,0.0,1,0.0,0.0
JENERI,12.0,0.0,0.0,0.0,0,0.0,0.0
HILSTE,12.0,0.0,0.0,0.0,1,0.0,0.0
SORBRYOK,12.0,0.0,0.0,0.0,0,0.0,0.0
TOOLAW,12.0,0.0,0.0,0.0,0,0.0,0.0
SORBRY,12.0,0.0,0.0,0.0,0,0.0,0.0
SHEELI,12.0,0.0,0.0,0.0,1,0.0,0.0
SAXCHR,12.0,0.0,0.0,0.0,0,0.0,0.0
BROTIM,12.0,0.0,0.0,0.0,0,0.0,0.0
BRACOU,12.0,0.0,0.0,0.0,0,0.0,0.0
BOSLAU,12.0,0.0,0.0,0.0,1,0.0,0.0
BECLAU,12.0,0.0,0.0,0.0,0,0.0,0.0
PRUHEN,12.0,0.0,0.0,0.0,0,0.0,0.0
SARSACP,12.0,0.0,0.0,0.0,0,0.0,0.0
PPKENMAR,11.98,0.0,0.0,0.0,1,0.0,0.0
HANRAT,11.25,0.0,0.0,0.0,1,0.0,0.0
WELKEV,11.2,0.0,0.0,0.0,1,0.0,0.0
YUASTE,11.0,0.0,0.0,0.0,1,0.0,0.0
HOUNIC,10.5,0.0,0.0,0.0,1,0.0,0.0
HEIRIC,10.5,0.0,0.0,0.0,1,0.0,0.0
MOLALA,10.5,0.0,0.0,0.0,2,0.0,0.0
DRATHOM,10.5,0.0,0.0,0.0,1,0.0,0.0
PETMAR,10.5,0.0,0.0,0.0,1,0.0,0.0
KALKEI,10.25,0.0,0.0,0.0,1,0.0,0.0
LYNFRANRF,10.25,0.0,0.0,0.0,1,0.0,0.0
YOUALECHI,10.25,0.0,0.0,0.0,3,0.0,0.0
RYCJUA,10.25,0.0,0.0,0.0,1,0.0,0.0
SYEMAJ,10.25,0.0,0.0,0.0,1,0.0,0.0
BENMIC,10.0,0.0,0.0,0.0,1,0.0,0.0
REIRAC,10.0,0.0,0.0,0.0,0,0.0,0.0
NGURUB,10.0,0.0,0.0,0.0,1,0.0,0.0
COVJAM,10.0,0.0,0.0,0.0,0,0.0,0.0
JACMIC,10.0,0.0,0.0,0.0,1,0.0,0.0
GELHAT,10.0,0.0,10.0,0.0,1,-100.0,0.0
GRUGIN,10.0,0.0,0.0,0.0,1,0.0,0.0
ROSMEL,9.49,0.0,0.0,0.0,1,0.0,0.0
POPPDENT,9.0,0.0,0.0,0.0,1,0.0,0.0
SAWHIL,9.0,0.0,0.0,0.0,1,0.0,0.0
AUSPET,9.0,0.0,0.0,0.0,0,0.0,0.0
HASSHA,9.0,9.0,0.0,0.0,1,0.0,0.0
PETDOR,9.0,0.0,0.0,0.0,1,0.0,0.0
SPILAR,9.0,0.0,0.0,0.0,1,0.0,0.0
SMIDAV,9.0,0.0,0.0,0.0,1,0.0,0.0
ADAAMMDYE,9.0,0.0,0.0,0.0,1,0.0,0.0
DAVMEG,9.0,0.0,0.0,0.0,1,0.0,0.0
GRAMARCH,9.0,0.0,0.0,0.0,1,0.0,0.0
COLJEF,9.0,0.0,0.0,0.0,1,0.0,0.0
YANTALZ,9.0,0.0,0.0,0.0,1,0.0,0.0
MUNRICEL,9.0,0.0,0.0,0.0,1,0.0,0.0
OLEKEV,9.0,0.0,0.0,0.0,1,0.0,0.0
LECHAL,9.0,0.0,0.0,0.0,1,0.0,0.0
WISAMB,9.0,0.0,0.0,0.0,1,0.0,0.0
STROMCHR,8.99,0.0,0.0,0.0,1,0.0,0.0
DELRAL,8.5,0.0,0.0,0.0,2,0.0,0.0
DECGEO,8.5,0.0,0.0,0.0,1,0.0,0.0
DJOSTE,8.5,0.0,0.0,0.0,1,0.0,0.0
CICBRY,8.5,0.0,0.0,0.0,2,0.0,0.0
CLELESMOK,8.5,0.0,0.0,0.0,1,0.0,0.0
AGGDEE,8.0,0.0,0.0,0.0,1,0.0,0.0
LOGMAT,8.0,0.0,0.0,0.0,0,0.0,0.0
WEGSTE,8.0,0.0,0.0,0.0,1,0.0,0.0
FARFRA,8.0,0.0,0.0,0.0,2,0.0,0.0
HAMLIN,7.0,0.0,0.0,0.0,1,0.0,0.0
DOLMAR,7.0,0.0,0.0,0.0,1,0.0,0.0
DIAMAR,7.0,0.0,0.0,0.0,1,0.0,0.0
JOHRIC,7.0,0.0,0.0,0.0,1,0.0,0.0
MONREB,7.0,0.0,0.0,0.0,1,0.0,0.0
SHANIK,7.0,0.0,0.0,0.0,1,0.0,0.0
LUKAUB,6.99,0.0,0.0,0.0,1,0.0,0.0
KHAOME,6.99,0.0,0.0,0.0,1,0.0,0.0
FORRUS,6.99,0.0,6.99,0.0,1,-100.0,0.0
RUBBRI,6.99,0.0,0.0,0.0,1,0.0,0.0
CERKRI,6.99,0.0,6.99,0.0,1,-100.0,0.0
SHAAMI,6.99,0.0,6.99,0.0,1,-100.0,0.0
YURMAT,6.0,0.0,0.0,0.0,1,0.0,0.0
BASMAR,6.0,0.0,0.0,0.0,2,0.0,0.0
BOUANIELM,6.0,0.0,0.0,0.0,1,0.0,0.0
PPANDKRI,5.99,0.0,0.0,0.0,1,0.0,0.0
ARDANN,5.99,0.0,0.0,0.0,1,0.0,0.0
PATJIG,5.5,0.0,0.0,0.0,0,0.0,0.0
ZAGLAW,4.99,0.0,0.0,0.0,1,0.0,0.0
BUHRAY,4.99,0.0,0.0,0.0,1,0.0,0.0
DICPET,4.5,0.0,0.0,0.0,2,0.0,0.0
DEMROB,4.5,0.0,0.0,0.0,1,0.0,0.0
DENPRO,4.5,0.0,0.0,0.0,2,0.0,0.0
RUTPHI,4.5,0.0,0.0,0.0,1,0.0,0.0
MARBREBD,4.5,0.0,0.0,0.0,1,0.0,0.0
PATREE,4.5,0.0,0.0,0.0,1,0.0,0.0
PETJOE,4.5,0.0,0.0,0.0,1,0.0,0.0
ALROMA,4.5,0.0,0.0,0.0,1,0.0,0.0
PITARY,4.0,0.0,0.0,0.0,1,0.0,0.0
KLEGRE,4.0,0.0,0.0,0.0,1,0.0,0.0
KANJOS,4.0,0.0,0.0,0.0,1,0.0,0.0
HORSHA,2.8,0.0,0.0,0.0,1,0.0,0.0
BRAJOH,2.8,0.0,0.0,0.0,1,0.0,0.0
WIDKRY,0.0,0.0,0.0,0.0,0,0.0,0.0
RIOJOR,0.0,0.0,0.0,0.0,1,0.0,0.0
QUEFAR,0.0,0.0,0.0,0.0,1,0.0,0.0
RAGSAM,0.0,0.0,0.0,0.0,1,0.0,0.0
WELPAI,0.0,0.0,0.0,0.0,1,0.0,0.0
RAICRAOP,0.0,0.0,0.0,0.0,1,0.0,0.0
RIFSAR,0.0,0.0,0.0,0.0,0,0.0,0.0
RAKDAN,0.0,0.0,0.0,0.0,0,0.0,0.0
CHOEDW,0.0,0.0,0.0,0.0,1,0.0,0.0
CHEMIC,0.0,0.0,0.0,0.0,1,0.0,0.0
WEYFRA,0.0,0.0,0.0,0.0,1,0.0,0.0
CHAPAU,0.0,0.0,0.0,0.0,1,0.0,0.0
WHIJAC,0.0,0.0,0.0,0.0,0,0.0,0.0
CHASYD,0.0,0.0,0.0,0.0,1,0.0,0.0
COMERI,0.0,0.0,0.0,0.0,0,0.0,0.0
CHOSAM,0.0,0.0,0.0,0.0,1,0.0,0.0
WILHEA,0.0,0.0,0.0,0.0,0,0.0,0.0
CHIDOL,0.0,0.0,0.0,0.0,1,0.0,0.0
REMRAL,0.0,0.0,0.0,0.0,1,0.0,0.0
MILLCRA,0.0,0.0,0.0,0.0,1,0.0,0.0
COUJON,0.0,0.0,0.0,0.0,1,0.0,0.0
PICGIN,0.0,0.0,0.0,0.0,1,0.0,0.0
VLKSCO,0.0,0.0,0.0,0.0,1,0.0,0.0
DUBDOM,0.0,0.0,0.0,0.0,0,0.0,0.0
PAVVIC,0.0,0.0,0.0,0.0,1,0.0,0.0
DOWKEV,0.0,0.0,0.0,0.0,1,0.0,0.0
DORSTE,0.0,0.0,0.0,0.0,1,0.0,0.0
PETLEW,0.0,0.0,0.0,0.0,1,0.0,0.0
DIEDAW,0.0,0.0,0.0,0.0,1,0.0,0.0
WAKLAK,0.0,0.0,0.0,0.0,1,0.0,0.0
PHAMAT,0.0,0.0,0.0,0.0,1,0.0,0.0
PHIJAC,0.0,0.0,0.0,0.0,1,0.0,0.0
SHAHEN,0.0,0.0,0.0,0.0,1,0.0,0.0
DENDON,0.0,0.0,0.0,0.0,1,0.0,0.0
QAHLENSHO,0.0,0.0,0.0,0.0,1,0.0,0.0
WALSTE,0.0,0.0,0.0,0.0,1,0.0,0.0
SHAELLCHI,0.0,0.0,0.0,0.0,1,0.0,0.0
POLALE,0.0,0.0,0.0,0.0,1,0.0,0.0
WATASHMU,0.0,0.0,0.0,0.0,0,0.0,0.0
DDS,0.0,0.0,0.0,0.0,1,0.0,0.0
DAZMEL,0.0,0.0,0.0,0.0,1,0.0,0.0
PROMAR,0.0,0.0,0.0,0.0,1,0.0,0.0
SEYHAR,0.0,0.0,0.0,0.0,1,0.0,0.0
DAILAR,0.0,0.0,0.0,0.0,1,0.0,0.0
WEIBRA,0.0,0.0,0.0,0.0,3,0.0,0.0
PUNMAD,0.0,0.0,0.0,0.0,0,0.0,0.0
WINADAGEN,0.0,0.0,0.0,0.0,1,0.0,0.0
BRYKER,0.0,0.0,0.0,0.0,1,0.0,0.0
SEDENTAL,0.0,0.0,0.0,0.0,1,0.0,0.0
RIVDEN,0.0,0.0,0.0,0.0,1,0.0,0.0
BAUDAV,0.0,0.0,0.0,0.0,1,0.0,0.0
SABANA,0.0,0.0,0.0,0.0,1,0.0,0.0
BARSAN,0.0,0.0,0.0,0.0,1,0.0,0.0
BARRAV,0.0,0.0,0.0,0.0,1,0.0,0.0
BARKEV,0.0,0.0,0.0,0.0,1,0.0,0.0
ZAJJAM,0.0,0.0,0.0,0.0,0,0.0,0.0
BARJOSWI,0.0,0.0,0.0,0.0,1,0.0,0.0
SAGTOM,0.0,0.0,0.0,0.0,0,0.0,0.0
BALSAM,0.0,0.0,0.0,0.0,1,0.0,0.0
ZARPAY,0.0,0.0,0.0,0.0,1,0.0,0.0
BAEKATCHI,0.0,0.0,0.0,0.0,0,0.0,0.0
BACKAT,0.0,0.0,0.0,0.0,1,0.0,0.0
SALNATSW,0.0,0.0,0.0,0.0,2,0.0,0.0
ATTALA,0.0,0.0,0.0,0.0,1,0.0,0.0
ARRJOS,0.0,0.0,0.0,0.0,0,0.0,0.0
ARANAD,0.0,0.0,0.0,0.0,1,0.0,0.0
ZIEMARWHE,0.0,0.0,0.0,0.0,1,0.0,0.0
ANDDOU,0.0,0.0,0.0,0.0,1,0.0,0.0
SALSTECH,0.0,0.0,0.0,0.0,1,0.0,0.0
ZIMPAM,0.0,0.0,0.0,0.0,1,0.0,0.0
SARDEM,0.0,0.0,0.0,0.0,1,0.0,0.0
ADHRUA,0.0,0.0,0.0,0.0,1,0.0,0.0
ADACAR,0.0,0.0,0.0,0.0,1,0.0,0.0
ZOLERIOP,0.0,0.0,0.0,0.0,0,0.0,0.0
ADAAMMOAK,0.0,0.0,0.0,0.0,1,0.0,0.0
SAMJAC2ND,0.0,0.0,0.0,0.0,1,0.0,0.0
ABUNAJ,0.0,0.0,0.0,0.0,1,0.0,0.0
YOUSAN,0.0,0.0,0.0,0.0,1,0.0,0.0
SCHAND,0.0,0.0,0.0,0.0,1,0.0,0.0
SCHANT,0.0,0.0,0.0,0.0,1,0.0,0.0
ROETRO,0.0,0.0,0.0,0.0,1,0.0,0.0
CAMWESHP,0.0,0.0,0.0,0.0,1,0.0,0.0
SCHRAC,0.0,0.0,0.0,0.0,1,0.0,0.0
BURMAT,0.0,0.0,0.0,0.0,1,0.0,0.0
BURMARMD,0.0,0.0,0.0,0.0,0,0.0,0.0
BURJOS,0.0,0.0,0.0,0.0,1,0.0,0.0
ERHMIC,0.0,0.0,0.0,0.0,1,0.0,0.0
BRUJOH,0.0,0.0,0.0,0.0,1,0.0,0.0
WONANJ,0.0,0.0,0.0,0.0,1,0.0,0.0
RIYTAROL,0.0,0.0,0.0,0.0,1,0.0,0.0
BROSEA,0.0,0.0,0.0,0.0,1,0.0,0.0
WORJOE,0.0,0.0,0.0,0.0,1,0.0,0.0
WORJOH,0.0,0.0,0.0,0.0,1,0.0,0.0
SCHJOE,0.0,0.0,0.0,0.0,1,0.0,0.0
BILBRU,0.0,0.0,0.0,0.0,1,0.0,0.0
YANTAI,0.0,0.0,0.0,0.0,0,0.0,0.0
BOYJAI,0.0,0.0,0.0,0.0,1,0.0,0.0
ROGRIC,0.0,0.0,0.0,0.0,0,0.0,0.0
YAZSEM,0.0,0.0,0.0,0.0,1,0.0,0.0
ROHJON,0.0,0.0,0.0,0.0,1,0.0,0.0
ROSTOM,0.0,0.0,0.0,0.0,1,0.0,0.0
BOIPRIVH,0.0,0.0,0.0,0.0,1,0.0,0.0
BOIMAR,0.0,0.0,0.0,0.0,0,0.0,0.0
BOBRIC,0.0,0.0,0.0,0.0,0,0.0,0.0
SCHAST,0.0,0.0,0.0,0.0,0,0.0,0.0
BLEROB,0.0,0.0,0.0,0.0,1,0.0,0.0
BJOPAKU,0.0,0.0,0.0,0.0,1,0.0,0.0
EGOCHI,0.0,0.0,0.0,0.0,0,0.0,0.0
FAXLEA,0.0,0.0,0.0,0.0,1,0.0,0.0
PAUTAT,0.0,0.0,0.0,0.0,1,0.0,0.0
NASJAM,0.0,0.0,0.0,0.0,1,0.0,0.0
MYEMIT,0.0,0.0,0.0,0.0,0,0.0,0.0
MYRCATH,0.0,0.0,0.0,0.0,2,0.0,0.0
LEECHU,0.0,0.0,0.0,0.0,1,0.0,0.0
SUNWEN,0.0,0.0,0.0,0.0,0,0.0,0.0
SKRLEO,0.0,0.0,0.0,0.0,2,0.0,0.0
NAEISL,0.0,0.0,0.0,0.0,1,0.0,0.0
NAIHEM,0.0,0.0,0.0,0.0,1,0.0,0.0
LAMMIC,0.0,0.0,0.0,0.0,1,0.0,0.0
LADPAU,0.0,0.0,0.0,0.0,1,0.0,0.0
KUSKAT,0.0,0.0,0.0,0.0,0,0.0,0.0
KROERI,0.0,0.0,0.0,0.0,1,0.0,0.0
KOZJOHOL,0.0,0.0,0.0,0.0,1,0.0,0.0
KORJOH,0.0,0.0,0.0,0.0,1,0.0,0.0
NEGMAT,0.0,0.0,0.0,0.0,1,0.0,0.0
SUKPHI,0.0,0.0,0.0,0.0,0,0.0,0.0
KOMATH,0.0,0.0,0.0,0.0,0,0.0,0.0
NICLAU,0.0,0.0,0.0,0.0,1,0.0,0.0
SZASCO,0.0,0.0,0.0,0.0,1,0.0,0.0
KOEMIC,0.0,0.0,0.0,0.0,1,0.0,0.0
KINKIM,0.0,0.0,0.0,0.0,2,0.0,0.0
NICRIC,0.0,0.0,0.0,0.0,1,0.0,0.0
KHAINS,0.0,0.0,0.0,0.0,1,0.0,0.0
KASMICBR,0.0,0.0,0.0,0.0,1,0.0,0.0
KAMJONDG,0.0,0.0,0.0,0.0,1,0.0,0.0
NIHJOH,0.0,0.0,0.0,0.0,0,0.0,0.0
SAMJACD1,0.0,0.0,0.0,0.0,0,0.0,0.0
NIKCHR,0.0,0.0,0.0,0.0,1,0.0,0.0
JOHDAN,0.0,0.0,0.0,0.0,2,0.0,0.0
MULLAW,0.0,0.0,0.0,0.0,0,0.0,0.0
LEICHR,0.0,0.0,0.0,0.0,0,0.0,0.0
TEPBER,0.0,0.0,0.0,0.0,1,0.0,0.0
MCBCHLV,0.0,0.0,0.0,0.0,1,0.0,0.0
MICMAR,0.0,0.0,0.0,0.0,1,0.0,0.0
MILMARC,0.0,0.0,0.0,0.0,0,0.0,0.0
SOLLUK,0.0,0.0,0.0,0.0,1,0.0,0.0
MILTOM,0.0,0.0,0.0,0.0,0,0.0,0.0
MELHEL,0.0,0.0,0.0,0.0,1,0.0,0.0
MEDCELPAL,0.0,0.0,0.0,0.0,0,0.0,0.0
SPAROS,0.0,0.0,0.0,0.0,0,0.0,0.0
MCKPAT,0.0,0.0,0.0,0.0,1,0.0,0.0
MCGFRE,0.0,0.0,0.0,0.0,1,0.0,0.0
MCDTHOCH1,0.0,0.0,0.0,0.0,1,0.0,0.0
SOKDMI,0.0,0.0,0.0,0.0,1,0.0,0.0
SPIMAR,0.0,0.0,0.0,0.0,1,0.0,0.0
MITPAT,0.0,0.0,0.0,0.0,1,0.0,0.0
MOLMIC,0.0,0.0,0.0,0.0,1,0.0,0.0
LERCAT,0.0,0.0,0.0,0.0,0,0.0,0.0
MATFELLV,0.0,0.0,0.0,0.0,0,0.0,0.0
MOLRYA,0.0,0.0,0.0,0.0,2,0.0,0.0
MAKJOS,0.0,0.0,0.0,0.0,1,0.0,0.0
MACTHO,0.0,0.0,0.0,0.0,1,0.0,0.0
SMYDAV,0.0,0.0,0.0,0.0,0,0.0,0.0
MOOJOHOL,0.0,0.0,0.0,0.0,0,0.0,0.0
MOOJOHOP,0.0,0.0,0.0,0.0,0,0.0,0.0
LOTHEN,0.0,0.0,0.0,0.0,1,0.0,0.0
LOMANTM,0.0,0.0,0.0,0.0,0,0.0,0.0
SMABRU,0.0,0.0,0.0,0.0,1,0.0,0.0
MOOYOO,0.0,0.0,0.0,0.0,1,0.0,0.0
MRUFRE,0.0,0.0,0.0,0.0,0,0.0,0.0
MUIJOH,0.0,0.0,0.0,0.0,1,0.0,0.0
OKENAN,0.0,0.0,0.0,0.0,0,0.0,0.0
OLEGRE,0.0,0.0,0.0,0.0,2,0.0,0.0
ESPSTEWM,0.0,0.0,0.0,0.0,1,0.0,0.0
PATPHI,0.0,0.0,0.0,0.0,1,0.0,0.0
PATDHAMP,0.0,0.0,0.0,0.0,1,0.0,0.0
TYSMON,0.0,0.0,0.0,0.0,1,0.0,0.0
GRASUS,0.0,0.0,0.0,0.0,1,0.0,0.0
GRAMARCHI,0.0,0.0,0.0,0.0,0,0.0,0.0
PATHARMC,0.0,0.0,0.0,0.0,0,0.0,0.0
GOUTHO,0.0,0.0,0.0,0.0,0,0.0,0.0
GOLSTE,0.0,0.0,0.0,0.0,0,0.0,0.0
PATNIK,0.0,0.0,0.0,0.0,1,0.0,0.0
SHEGEN,0.0,0.0,0.0,0.0,1,0.0,0.0
GOGAUR,0.0,0.0,0.0,0.0,1,0.0,0.0
GOETOM,0.0,0.0,0.0,0.0,1,0.0,0.0
GIAGAL,0.0,0.0,0.0,0.0,0,0.0,0.0
GERPA,0.0,0.0,0.0,0.0,1,0.0,0.0
PATPINNV,0.0,0.0,0.0,0.0,1,0.0,0.0
PATBRIDP,0.0,0.0,0.0,0.0,0,0.0,0.0
GAMMAR,0.0,0.0,0.0,0.0,0,0.0,0.0
FURJAM,0.0,0.0,0.0,0.0,0,0.0,0.0
FULDAV,0.0,0.0,0.0,0.0,1,0.0,0.0
FRASUS,0.0,0.0,0.0,0.0,1,0.0,0.0
FRAJIM,0.0,0.0,0.0,0.0,1,0.0,0.0
FORALAWHE,0.0,0.0,0.0,0.0,1,0.0,0.0
VERROB,0.0,0.0,0.0,0.0,1,0.0,0.0
FLAMAT,0.0,0.0,0.0,0.0,1,0.0,0.0
FISPAU,0.0,0.0,0.0,0.0,1,0.0,0.0
FENJILHI,0.0,0.0,0.0,0.0,0,0.0,0.0
MIGGEO,0.0,0.0,0.0,0.0,0,0.0,0.0
FAISTE,0.0,0.0,0.0,0.0,0,0.0,0.0
VILGILSCH,0.0,0.0,0.0,0.0,0,0.0,0.0
GRIDRECHG,0.0,0.0,0.0,0.0,0,0.0,0.0
GRUJOE,0.0,0.0,0.0,0.0,1,0.0,0.0
TEUMIC,0.0,0.0,0.0,0.0,1,0.0,0.0
TINWEI,0.0,0.0,0.0,0.0,1,0.0,0.0
ISLSAM,0.0,0.0,0.0,0.0,0,0.0,0.0
ISACHR,0.0,0.0,0.0,0.0,1,0.0,0.0
SINAMA,0.0,0.0,0.0,0.0,2,0.0,0.0
IRVJOH,0.0,0.0,0.0,0.0,1,0.0,0.0
OTTERI,0.0,0.0,0.0,0.0,0,0.0,0.0
HYDMAR,0.0,0.0,0.0,0.0,0,0.0,0.0
THODON,0.0,0.0,0.0,0.0,1,0.0,0.0
HUVROB,0.0,0.0,0.0,0.0,1,0.0,0.0
HUTCHR,0.0,0.0,0.0,0.0,1,0.0,0.0
PALGAR,0.0,0.0,0.0,0.0,0,0.0,0.0
HOGDAN,0.0,0.0,0.0,0.0,1,0.0,0.0
HIRJEF,0.0,0.0,0.0,0.0,1,0.0,0.0
SIMSAM,0.0,0.0,0.0,0.0,0,0.0,0.0
PARAJE,0.0,0.0,0.0,0.0,1,0.0,0.0
GRUPET,0.0,0.0,0.0,0.0,1,0.0,0.0
HEAPAT,0.0,0.0,0.0,0.0,1,0.0,0.0
HEADAN,0.0,0.0,0.0,0.0,1,0.0,0.0
PASKAR,0.0,0.0,0.0,0.0,1,0.0,0.0
SIETOM,0.0,0.0,0.0,0.0,1,0.0,0.0
HARTIN,0.0,0.0,0.0,0.0,1,0.0,0.0
PATAMIBG,0.0,0.0,0.0,0.0,1,0.0,0.0
SHUPUNMP,0.0,0.0,0.0,0.0,1,0.0,0.0
TREROB,0.0,0.0,0.0,0.0,1,0.0,0.0
HAMMATT,0.0,0.0,0.0,0.0,1,0.0,0.0
TREWAY,0.0,0.0,0.0,0.0,1,0.0,0.0
PATBRI,0.0,0.0,0.0,0.0,1,0.0,0.0
GUYANT,0.0,0.0,0.0,0.0,1,0.0,0.0
GUSROY,0.0,0.0,0.0,0.0,3,0.0,0.0
SANDAV,0.0,0.0,0.0,0.0,1,0.0,0.0
